{"90008":{"rpsf":{"count":24.0,"mean":2.6425466064,"std":1.342715157,"min":0.2028397566,"25%":2.0,"50%":2.4851485149,"75%":2.990625,"max":7.619047619},"ppsf":{"count":42.0,"mean":573.399633368,"std":150.2313502413,"min":66.6666666667,"25%":506.6638481994,"50%":587.4563965279,"75%":673.2295347468,"max":818.1246066709}}}