{"90007":{"rpsf":{"count":40.0,"mean":2.7795226185,"std":1.5309340653,"min":0.0748025516,"25%":2.2314628136,"50%":2.5926819956,"75%":3.058974359,"max":6.4705882353},"ppsf":{"count":41.0,"mean":531.8024917154,"std":307.4441769804,"min":73.9177489177,"25%":294.6168768186,"50%":472.947761194,"75%":676.9230769231,"max":1268.7308868502}}}