{"90002":{"rpsf":{"count":4.0,"mean":2.4371974443,"std":1.5077518287,"min":0.5749014455,"25%":1.9491416101,"50%":2.4536108325,"75%":2.9416666667,"max":4.2666666667},"ppsf":{"count":43.0,"mean":520.0875901423,"std":159.0064994228,"min":258.0372250423,"25%":398.3147470348,"50%":529.3005671078,"75%":610.5331725908,"max":933.3333333333}}}