{"90006":{"rpsf":{"count":36.0,"mean":3.1097778573,"std":0.6530910756,"min":1.8487394958,"25%":2.6734402412,"50%":2.9394580864,"75%":3.5023488256,"max":4.9423963134},"ppsf":{"count":35.0,"mean":499.2472739571,"std":234.3674823749,"min":170.6730769231,"25%":341.1167622258,"50%":465.65774156,"75%":648.6029821628,"max":1044.3722943723}}}