{"90001":{"rpsf":{"count":6.0,"mean":67.7956901684,"std":157.2417463604,"min":2.5333333333,"25%":3.0903406106,"50%":3.3471431376,"75%":5.1761363636,"max":388.7559808612},"ppsf":{"count":43.0,"mean":454.963987825,"std":179.5122013076,"min":174.1083965178,"25%":350.8637373112,"50%":397.7792292619,"75%":526.095037171,"max":1292.7107061503}}}