{"90004":{"rpsf":{"count":28.0,"mean":3.3378405945,"std":1.4545953193,"min":1.1352885525,"25%":2.4714939024,"50%":3.2302068966,"75%":3.4834569045,"max":7.8814627995},"ppsf":{"count":43.0,"mean":849.1691953644,"std":314.7262116026,"min":275.5952380952,"25%":602.9809894373,"50%":792.6267281106,"75%":1157.9338015623,"max":1422.7142271423}}}