{"90003":{"rpsf":{"count":14.0,"mean":3.0094021296,"std":0.405968073,"min":2.3333333333,"25%":2.8142857143,"50%":3.032967033,"75%":3.3123859489,"max":3.6666666667},"ppsf":{"count":40.0,"mean":469.2293413197,"std":135.43967046,"min":233.6784584412,"25%":375.6089377587,"50%":451.7711637743,"75%":577.3448808779,"max":816.4739884393}}}