{"90005":{"rpsf":{"count":41.0,"mean":3.9806410878,"std":1.0519449969,"min":0.1638193307,"25%":3.3832221163,"50%":3.9169139466,"75%":4.524566474,"max":6.0138888889},"ppsf":{"count":35.0,"mean":620.9972042117,"std":265.4865047151,"min":30.7845084409,"25%":480.3360924758,"50%":599.1866028708,"75%":751.874689434,"max":1216.9560776302}}}