{"90008":{"rpsf":{"count":28.0,"mean":2.6806205151,"std":0.7254258291,"min":1.89,"25%":2.2285714286,"50%":2.4920026431,"75%":2.90875,"max":5.3191489362},"ppsf":{"count":42.0,"mean":581.4247220942,"std":170.3428824664,"min":66.6666666667,"25%":486.1777720547,"50%":583.5925685311,"75%":681.1412579238,"max":968.3098591549}}}