{"90016":{"rpsf":{"count":48.0,"mean":5.1241792856,"std":1.2914100338,"min":2.3661971831,"25%":4.7081228956,"50%":5.2051597052,"75%":5.4694293701,"max":9.2512886598},"ppsf":{"count":44.0,"mean":765.2789387149,"std":304.3498336515,"min":137.2010976088,"25%":612.6742192568,"50%":719.6305587024,"75%":909.00879738,"max":2107.8431372549}}}