{"90016":{"rpsf":{"count":46.0,"mean":4.0582227635,"std":1.2779562028,"min":2.2916666667,"25%":3.0414506621,"50%":3.6326161369,"75%":5.0124354176,"max":6.266583229},"ppsf":{"count":44.0,"mean":773.6157532601,"std":281.7950410329,"min":294.8113207547,"25%":617.9170829171,"50%":753.1648634955,"75%":888.7087270537,"max":2107.8431372549}}}