{"90016":{"rpsf":{"count":48.0,"mean":5.1669734083,"std":1.3022618647,"min":2.3661971831,"25%":4.7720187062,"50%":5.2308452463,"75%":5.4827519705,"max":9.2512886598},"ppsf":{"count":44.0,"mean":765.2789387149,"std":304.3498336515,"min":137.2010976088,"25%":612.6742192568,"50%":719.6305587024,"75%":909.00879738,"max":2107.8431372549}}}