{"90012":{"rpsf":{"count":50.0,"mean":3.4253372328,"std":0.4895875257,"min":2.7861579414,"25%":3.1382772021,"50%":3.3320802005,"75%":3.498523622,"max":5.3413654618},"ppsf":{"count":33.0,"mean":589.9836749734,"std":141.0315845897,"min":376.293508937,"25%":471.1538461538,"50%":598.0861244019,"75%":666.9069935112,"max":1058.8611644274}}}