{"90014":{"rpsf":{"count":50.0,"mean":3.8194302555,"std":0.791611548,"min":2.0393974508,"25%":3.3695805335,"50%":3.7677119628,"75%":4.2985569986,"max":5.5758928571},"ppsf":{"count":14.0,"mean":607.1529081494,"std":55.060909315,"min":537.8787878788,"25%":568.2353865493,"50%":595.2127659574,"75%":624.8677248677,"max":719.9029126214}}}