{"90016":{"rpsf":{"count":47.0,"mean":4.7116487997,"std":1.3770728322,"min":2.4166666667,"25%":3.3658261165,"50%":5.009009009,"75%":5.4747126437,"max":7.300257732},"ppsf":{"count":44.0,"mean":750.551037288,"std":293.2247731488,"min":137.2010976088,"25%":612.6742192568,"50%":719.6305587024,"75%":882.7409591805,"max":2107.8431372549}}}