{"90013":{"rpsf":{"count":50.0,"mean":3.8773575662,"std":0.6935599058,"min":2.1531100478,"25%":3.4436041487,"50%":3.8673469388,"75%":4.2134542302,"max":5.3382045929},"ppsf":{"count":34.0,"mean":651.2173425897,"std":137.8507788055,"min":369.7674418605,"25%":587.7790834313,"50%":647.6009106033,"75%":679.5979899497,"max":978.0439121756}}}