{"90011":{"rpsf":{"count":14.0,"mean":2.9401166036,"std":1.5155431392,"min":1.473175022,"25%":2.2411956906,"50%":2.5324675325,"75%":3.2205882353,"max":7.8358208955},"ppsf":{"count":44.0,"mean":408.7608931453,"std":207.1017771323,"min":182.3419078242,"25%":285.9946588259,"50%":382.9376256707,"75%":443.7919102476,"max":1216.8560606061}}}