{"90017":{"rpsf":{"count":48.0,"mean":3.3060651687,"std":1.1331310813,"min":0.875,"25%":2.92220294,"50%":3.2784273019,"75%":3.657769556,"max":7.2904009721},"ppsf":{"count":36.0,"mean":723.6395435332,"std":266.9170572971,"min":184.2893342548,"25%":596.5366155584,"50%":730.6886227545,"75%":943.3443344334,"max":1081.0810810811}}}