{"90015":{"rpsf":{"count":49.0,"mean":3.7295267995,"std":0.7592628442,"min":2.691377921,"25%":3.3072916667,"50%":3.6508553655,"75%":3.8888888889,"max":6.9169960474},"ppsf":{"count":44.0,"mean":622.8074144727,"std":147.0458013161,"min":211.7410938284,"25%":540.9254807692,"50%":620.078866892,"75%":705.4924242424,"max":913.2841328413}}}