{"90018":{"rpsf":{"count":21.0,"mean":3.1643859692,"std":0.8990808445,"min":1.8527448071,"25%":2.6625,"50%":2.8913043478,"75%":3.3972125436,"max":5.4166666667},"ppsf":{"count":44.0,"mean":582.1320900282,"std":231.7616004662,"min":236.3859219051,"25%":440.7878630991,"50%":536.9319321327,"75%":714.9422030946,"max":1572.7948990436}}}