{"90010":{"rpsf":{"count":49.0,"mean":4.1363106982,"std":0.4685996238,"min":3.1540312876,"25%":3.7786458333,"50%":4.1648690293,"75%":4.4184839045,"max":5.3790238837},"ppsf":{"count":16.0,"mean":658.1027712687,"std":113.0933584121,"min":496.4756359179,"25%":542.8652325964,"50%":682.1887550201,"75%":714.3964145095,"max":845.5882352941}}}