{"90016":{"rpsf":{"count":48.0,"mean":4.989115401,"std":1.4978586019,"min":2.4166666667,"25%":4.5099363197,"50%":5.1216790234,"75%":5.5595945976,"max":9.2512886598},"ppsf":{"count":44.0,"mean":742.7469206164,"std":294.2031906779,"min":137.2010976088,"25%":598.4764275501,"50%":704.3117526428,"75%":877.3945656859,"max":2107.8431372549}}}