{"90019":{"rpsf":{"count":35.0,"mean":3.3471869028,"std":1.0105123186,"min":0.2372455723,"25%":2.8094476879,"50%":3.1578947368,"75%":3.9467397565,"max":5.32},"ppsf":{"count":44.0,"mean":639.106795863,"std":244.4805294793,"min":260.4166666667,"25%":480.7726515176,"50%":578.8998744507,"75%":822.0983694199,"max":1252.84738041}}}