{"90029":{"rpsf":{"count":26.0,"mean":3.3902721627,"std":1.0179585172,"min":0.7774538387,"25%":2.99875,"50%":3.1510822511,"75%":3.8925,"max":5.9907834101},"ppsf":{"count":31.0,"mean":629.1950810299,"std":269.7457560836,"min":213.3105802048,"25%":448.9294278651,"50%":625.0,"75%":733.5273684496,"max":1458.7525150905}}}