{"90026":{"rpsf":{"count":38.0,"mean":3.8463353742,"std":0.8781461696,"min":1.8181818182,"25%":3.4330924231,"50%":3.7408730159,"75%":4.172538061,"max":5.8650793651},"ppsf":{"count":44.0,"mean":884.2417690254,"std":283.6507899542,"min":366.568914956,"25%":690.657732594,"50%":813.3119185387,"75%":1088.1108696657,"max":1702.5833333333}}}