{"90022":{"rpsf":{"count":6.0,"mean":2.9877775487,"std":1.0936228675,"min":2.0416666667,"25%":2.2472426471,"50%":2.7132352941,"75%":3.203271028,"max":5.0},"ppsf":{"count":44.0,"mean":446.3393481026,"std":174.2220717455,"min":107.7199281867,"25%":314.5979630185,"50%":438.135324194,"75%":551.5384262656,"max":771.0557532622}}}