{"90023":{"rpsf":{"count":2.0,"mean":4.0738224638,"std":0.5732432692,"min":3.6684782609,"25%":3.8711503623,"50%":4.0738224638,"75%":4.2764945652,"max":4.4791666667},"ppsf":{"count":28.0,"mean":479.664515413,"std":164.3449312477,"min":221.9178082192,"25%":324.5104305741,"50%":435.0717856979,"75%":611.9036093734,"max":741.1764705882}}}