{"90027":{"rpsf":{"count":43.0,"mean":3.8769857465,"std":0.9365225214,"min":2.5611838361,"25%":3.2629349817,"50%":3.6691729323,"75%":4.2916666667,"max":7.6896787423},"ppsf":{"count":42.0,"mean":911.4554989244,"std":311.3951053147,"min":232.9192546584,"25%":715.1258527405,"50%":942.1282207344,"75%":1133.9416413123,"max":1502.5423728814}}}