{"90025":{"rpsf":{"count":43.0,"mean":3.5492004114,"std":1.0903331645,"min":0.9333333333,"25%":2.940855181,"50%":3.4024767802,"75%":3.8366666667,"max":6.6071428571},"ppsf":{"count":44.0,"mean":876.7457841723,"std":396.0029837451,"min":354.2451463344,"25%":663.8828082865,"50%":770.1884969957,"75%":870.1246702784,"max":2612.0689655172}}}