{"90021":{"rpsf":{"count":31.0,"mean":3.8830919168,"std":0.6743101181,"min":2.3482871126,"25%":3.4485657765,"50%":3.8806366048,"75%":4.3932773109,"max":4.8592436975},"ppsf":{"count":4.0,"mean":1027.34628322,"std":202.4485439463,"min":869.5652173913,"25%":934.6044191019,"50%":957.6292559899,"75%":1050.371120108,"max":1324.5614035088}}}