{"90020":{"rpsf":{"count":35.0,"mean":2.9886951111,"std":0.5482005476,"min":1.9991489362,"25%":2.6348119122,"50%":2.8931034483,"75%":3.3839096725,"max":4.3125},"ppsf":{"count":37.0,"mean":752.1702319104,"std":289.8351108442,"min":188.7347418991,"25%":566.3043478261,"50%":687.5,"75%":914.8877183255,"max":1454.5454545455}}}