{"90028":{"rpsf":{"count":43.0,"mean":3.7159835808,"std":0.667262158,"min":2.558974359,"25%":3.2363792346,"50%":3.6423505572,"75%":4.0881387262,"max":5.1136363636},"ppsf":{"count":32.0,"mean":595.4208503578,"std":195.3123805865,"min":252.3977788995,"25%":499.5016611296,"50%":573.4577922078,"75%":683.2509042592,"max":1117.8861788618}}}