{"90024":{"rpsf":{"count":44.0,"mean":4.231517986,"std":1.2386856402,"min":2.4333333333,"25%":3.4064427313,"50%":3.8953314341,"75%":4.5035028222,"max":7.4708737864},"ppsf":{"count":44.0,"mean":869.3170775751,"std":273.8788526846,"min":434.5936549326,"25%":699.0657598991,"50%":805.3200910931,"75%":1054.5506950643,"max":1731.1789772727}}}