{"90033":{"rpsf":{"count":12.0,"mean":4.3047110856,"std":2.0046769764,"min":2.1,"25%":2.7770833333,"50%":3.6008117308,"75%":5.7817045365,"max":7.8488372093},"ppsf":{"count":34.0,"mean":387.7788723757,"std":145.6337549035,"min":12.8921357972,"25%":297.9886938779,"50%":375.5102187917,"75%":468.7160149081,"max":723.8734419942}}}