{"90036":{"rpsf":{"count":45.0,"mean":3.5449469747,"std":0.8085217709,"min":2.3404255319,"25%":2.9207634471,"50%":3.5307692308,"75%":4.1847826087,"max":5.3839122486},"ppsf":{"count":43.0,"mean":731.0408669506,"std":230.1266533122,"min":318.9493433396,"25%":588.7777460844,"50%":706.0518731988,"75%":838.6524891151,"max":1269.5035460993}}}