{"90032":{"rpsf":{"count":19.0,"mean":2.4752138065,"std":1.0880661693,"min":0.5271533718,"25%":1.9696535307,"50%":2.6802218115,"75%":3.4523809524,"max":3.5971223022},"ppsf":{"count":37.0,"mean":666.1982106208,"std":211.2815798531,"min":99.8003992016,"25%":554.9872122762,"50%":633.4563345633,"75%":784.9944008959,"max":1061.6438356164}}}