{"90031":{"rpsf":{"count":18.0,"mean":3.1208172519,"std":0.7724747612,"min":1.95,"25%":2.6743055556,"50%":2.8887085137,"75%":3.8021982716,"max":4.4222222222},"ppsf":{"count":37.0,"mean":688.8658192628,"std":402.1020798224,"min":246.3942307692,"25%":467.4932975871,"50%":593.5863874346,"75%":833.3333333333,"max":2241.847826087}}}