{"90034":{"rpsf":{"count":24.0,"mean":3.6588578538,"std":0.9887128437,"min":1.95,"25%":2.8406954887,"50%":3.6407863413,"75%":4.4507670242,"max":5.46875},"ppsf":{"count":43.0,"mean":912.5064529647,"std":270.5916559144,"min":284.9977200182,"25%":721.6250286048,"50%":921.8289085546,"75%":1128.7286985699,"max":1506.6573230554}}}