{"90039":{"rpsf":{"count":45.0,"mean":4.1891180788,"std":0.9195177385,"min":2.5310048089,"25%":3.7179487179,"50%":3.8258575198,"75%":4.9270588235,"max":6.4715909091},"ppsf":{"count":42.0,"mean":963.6681619063,"std":295.6476516119,"min":336.676217765,"25%":757.3538072926,"50%":923.8426047349,"75%":1150.1980071538,"max":1630.7893020222}}}