{"90035":{"rpsf":{"count":41.0,"mean":3.5101284486,"std":0.7590141035,"min":2.0833333333,"25%":2.9964285714,"50%":3.3535714286,"75%":3.7845898923,"max":5.7624113475},"ppsf":{"count":44.0,"mean":776.8671362813,"std":219.5606849227,"min":400.354295837,"25%":615.248102072,"50%":756.7432395143,"75%":888.208813619,"max":1412.9110840438}}}