{"90034":{"rpsf":{"count":35.0,"mean":3.6282972444,"std":0.9874278344,"min":1.5909090909,"25%":3.0493939394,"50%":3.5678571429,"75%":4.2476595745,"max":5.8},"ppsf":{"count":43.0,"mean":937.4987502877,"std":287.9275346553,"min":365.2613412229,"25%":700.0314053198,"50%":995.1259138911,"75%":1166.0660680903,"max":1506.6573230554}}}