{"90032":{"rpsf":{"count":19.0,"mean":2.5930220486,"std":1.027157354,"min":0.5271533718,"25%":2.2124306278,"50%":2.75,"75%":3.0487255597,"max":4.6052631579},"ppsf":{"count":36.0,"mean":698.5480595152,"std":178.7005578708,"min":378.5147801009,"25%":593.9861222897,"50%":654.7603955375,"75%":834.678573818,"max":1061.6438356164}}}