{"90032":{"rpsf":{"count":17.0,"mean":2.593747703,"std":0.9754134007,"min":0.5271533718,"25%":2.396,"50%":2.9458794588,"75%":3.3571428571,"max":3.5971223022},"ppsf":{"count":37.0,"mean":666.1982106208,"std":211.2815798531,"min":99.8003992016,"25%":554.9872122762,"50%":633.4563345633,"75%":784.9944008959,"max":1061.6438356164}}}