{"90038":{"rpsf":{"count":34.0,"mean":3.3093730864,"std":1.0386196314,"min":1.1071428571,"25%":2.8477832065,"50%":3.2635854342,"75%":3.6655548359,"max":5.7511111111},"ppsf":{"count":21.0,"mean":732.6349397363,"std":366.3063900097,"min":272.1207865169,"25%":424.178154825,"50%":674.3421052632,"75%":900.6320224719,"max":1792.9438982071}}}