{"90037":{"rpsf":{"count":25.0,"mean":3.2963293188,"std":2.3720488326,"min":0.7094386181,"25%":2.4202420242,"50%":2.7289266222,"75%":3.375,"max":10.9259259259},"ppsf":{"count":44.0,"mean":407.3749718395,"std":169.9353765289,"min":41.6859657249,"25%":337.2712577529,"50%":377.2460308947,"75%":461.5682755849,"max":1152.8465346535}}}