{"90047":{"rpsf":{"count":25.0,"mean":2.6047833321,"std":0.8821603339,"min":0.5833333333,"25%":2.3340248963,"50%":2.8692879915,"75%":3.1,"max":4.4736842105},"ppsf":{"count":44.0,"mean":493.0360679896,"std":138.6512841385,"min":222.8513876455,"25%":397.2378018502,"50%":474.5391220801,"75%":611.7659514399,"max":846.0317460317}}}