{"90047":{"rpsf":{"count":24.0,"mean":2.7988687206,"std":1.1794876377,"min":0.8333333333,"25%":2.2920327049,"50%":2.878820034,"75%":3.18125,"max":6.0},"ppsf":{"count":44.0,"mean":516.3909988978,"std":107.3493297664,"min":279.1996277338,"25%":447.1076887163,"50%":511.0589450012,"75%":587.7068955994,"max":761.7504051864}}}