{"90047":{"rpsf":{"count":24.0,"mean":2.6614225604,"std":0.6792076667,"min":0.8090101523,"25%":2.4179083628,"50%":2.8040089234,"75%":3.1211895509,"max":3.6272727273},"ppsf":{"count":44.0,"mean":517.2731801427,"std":110.358317064,"min":279.1996277338,"25%":443.1238650852,"50%":514.2721661834,"75%":587.7068955994,"max":761.7504051864}}}