{"90049":{"rpsf":{"count":44.0,"mean":4.6000725267,"std":1.3329682507,"min":2.4416666667,"25%":3.5747311425,"50%":4.311230802,"75%":5.3271772894,"max":7.9697986577},"ppsf":{"count":43.0,"mean":1076.742881418,"std":400.7330181674,"min":499.7917534361,"25%":759.2247564751,"50%":930.583501006,"75%":1280.1280544643,"max":1989.1973516088}}}