{"90041":{"rpsf":{"count":13.0,"mean":3.1544030121,"std":0.6131080115,"min":2.280952381,"25%":2.8392958546,"50%":2.9493407356,"75%":3.5454545455,"max":4.3637048193},"ppsf":{"count":44.0,"mean":845.0506005755,"std":272.5929415738,"min":243.3090024331,"25%":637.4909603765,"50%":833.4791671976,"75%":1009.801915674,"max":1486.6242038217}}}