{"90049":{"rpsf":{"count":44.0,"mean":4.3017562641,"std":1.5095961459,"min":2.3913043478,"25%":3.1315154994,"50%":3.9160805074,"75%":4.9569946016,"max":8.975},"ppsf":{"count":43.0,"mean":987.2933902675,"std":272.0021257896,"min":558.0585705509,"25%":771.5457703665,"50%":943.1396786156,"75%":1142.3628205269,"max":1585.4800936768}}}