{"90049":{"rpsf":{"count":44.0,"mean":4.6081568405,"std":1.3251751144,"min":2.4416666667,"25%":3.7598171336,"50%":4.311230802,"75%":5.3271772894,"max":7.9697986577},"ppsf":{"count":43.0,"mean":1075.2282738509,"std":401.7250040916,"min":499.7917534361,"25%":759.2247564751,"50%":930.583501006,"75%":1280.1280544643,"max":1989.1973516088}}}