{"90045":{"rpsf":{"count":44.0,"mean":3.9354151652,"std":0.7830369858,"min":0.9328358209,"25%":3.6240541148,"50%":3.8847970496,"75%":4.2902003484,"max":6.0496067756},"ppsf":{"count":44.0,"mean":935.1584685225,"std":143.7577733903,"min":634.4558321132,"25%":834.7250859474,"50%":956.3584357662,"75%":1035.0465850156,"max":1240.9369771333}}}