{"90042":{"rpsf":{"count":25.0,"mean":3.9944182022,"std":0.9236649717,"min":2.8256704981,"25%":3.1846153846,"50%":3.5835023665,"75%":4.7713717694,"max":6.325},"ppsf":{"count":42.0,"mean":871.0194342447,"std":297.6320898475,"min":292.6011858726,"25%":641.1074676905,"50%":851.0679490027,"75%":1060.8279494063,"max":1509.8039215686}}}