{"90043":{"rpsf":{"count":38.0,"mean":3.1867889762,"std":1.2401125996,"min":1.2439807384,"25%":2.4928571429,"50%":2.7897065357,"75%":3.2820145602,"max":7.4342105263},"ppsf":{"count":44.0,"mean":621.1074033721,"std":164.9131458276,"min":355.1724137931,"25%":506.9844655673,"50%":580.0935838355,"75%":738.4069171111,"max":1044.6685878963}}}