{"90040":{"rpsf":{"count":0,"unique":0,"top":null,"freq":null,"mean":null,"std":null,"min":null,"25%":null,"50%":null,"75%":null,"max":null},"ppsf":{"count":19.0,"unique":null,"top":null,"freq":null,"mean":547.8916550641,"std":143.1806714532,"min":343.9869989166,"25%":471.6371715253,"50%":527.9747832939,"75%":595.520320197,"max":885.9649122807}}}