{"90046":{"rpsf":{"count":37.0,"mean":4.2566378926,"std":1.0372993006,"min":2.7458333333,"25%":3.4285714286,"50%":4.0270618557,"75%":4.9997297297,"max":7.0},"ppsf":{"count":42.0,"mean":939.024709117,"std":296.8738487797,"min":493.8271604938,"25%":675.6876401842,"50%":941.7843909217,"75%":1113.5661987988,"max":1599.2152466368}}}