{"90044":{"rpsf":{"count":20.0,"mean":2.925264043,"std":0.6810220034,"min":1.8,"25%":2.3069230769,"50%":2.9145299145,"75%":3.3727645762,"max":4.2275862069},"ppsf":{"count":43.0,"mean":464.6082267579,"std":128.7846518963,"min":236.8233618234,"25%":368.4576736789,"50%":448.6196319018,"75%":529.0503507102,"max":752.380952381}}}