{"90043":{"rpsf":{"count":32.0,"mean":2.9522898022,"std":1.3834651525,"min":0.5264612954,"25%":2.3389248705,"50%":2.8684210526,"75%":3.3790269405,"max":7.4342105263},"ppsf":{"count":43.0,"mean":591.8949226632,"std":239.6548270054,"min":227.3317744869,"25%":460.1690387138,"50%":543.0711610487,"75%":657.5919519783,"max":1759.2592592593}}}