{"90045":{"rpsf":{"count":43.0,"mean":4.2132740475,"std":0.6447324047,"min":3.1942277691,"25%":3.708629193,"50%":4.224742268,"75%":4.6447216982,"max":6.0981697171},"ppsf":{"count":44.0,"mean":935.8029972132,"std":190.2834259181,"min":514.9330587024,"25%":820.9048001887,"50%":991.7575668239,"75%":1044.3997818251,"max":1312.7051101735}}}