{"90048":{"rpsf":{"count":41.0,"mean":4.2014813665,"std":1.5427266369,"min":1.4230769231,"25%":3.2478632479,"50%":3.7589013225,"75%":5.0762804214,"max":7.6255424675},"ppsf":{"count":43.0,"mean":961.3653487374,"std":394.3189576162,"min":361.9153674833,"25%":791.6133011813,"50%":958.3333333333,"75%":1047.0205817503,"max":2619.6124950573}}}