{"90056":{"rpsf":{"count":11.0,"mean":2.858724073,"std":0.8076970316,"min":2.0898641588,"25%":2.2290850882,"50%":2.4561403509,"75%":3.2904640787,"max":4.5706823376},"ppsf":{"count":25.0,"mean":671.352801567,"std":152.5660213251,"min":370.4202586207,"25%":561.534861956,"50%":667.6706827309,"75%":792.2912205567,"max":979.2069632495}}}