{"90059":{"rpsf":{"count":1.0,"mean":2.0499462943,"std":null,"min":2.0499462943,"25%":2.0499462943,"50%":2.0499462943,"75%":2.0499462943,"max":2.0499462943},"ppsf":{"count":42.0,"mean":478.3071949068,"std":141.6540189068,"min":289.1738437002,"25%":389.6652998374,"50%":447.514825457,"75%":534.2748767901,"max":1000.0}}}