{"90057":{"rpsf":{"count":38.0,"mean":3.3044761857,"std":0.7267979309,"min":2.0596904937,"25%":2.8353402285,"50%":3.3438115764,"75%":3.7467981822,"max":5.05},"ppsf":{"count":26.0,"mean":476.9164366673,"std":226.9193197957,"min":126.8675721562,"25%":347.7833799872,"50%":470.1450448178,"75%":571.6783216783,"max":1310.0}}}