{"90058":{"rpsf":{"count":0,"unique":0,"top":null,"freq":null,"mean":null,"std":null,"min":null,"25%":null,"50%":null,"75%":null,"max":null},"ppsf":{"count":3.0,"unique":null,"top":null,"freq":null,"mean":374.5111559158,"std":168.6176605624,"min":197.9414093428,"25%":294.8396505404,"50%":391.7378917379,"75%":462.7960292023,"max":533.8541666667}}}