{"90066":{"rpsf":{"count":37.0,"mean":4.1056632139,"std":0.9291879612,"min":1.9166666667,"25%":3.3981191223,"50%":4.0952955368,"75%":4.6666666667,"max":5.9875},"ppsf":{"count":44.0,"mean":1064.3476945556,"std":277.9783660674,"min":450.6299443305,"25%":884.4872574353,"50%":1078.44860295,"75%":1213.6915157643,"max":1731.8736539842}}}