{"90062":{"rpsf":{"count":14.0,"mean":2.8206805465,"std":0.9336342025,"min":0.5015432099,"25%":2.5224212263,"50%":2.7336956522,"75%":3.1729094077,"max":4.375},"ppsf":{"count":44.0,"mean":608.0408130704,"std":586.9932344177,"min":249.2917847025,"25%":419.6305147059,"50%":556.4076945809,"75%":634.9919962472,"max":4301.5157722245}}}