{"90067":{"rpsf":{"count":23.0,"mean":5.2939639605,"std":1.5500872047,"min":3.2974043115,"25%":4.2070838433,"50%":4.8598130841,"75%":5.9189018219,"max":9.1086532206},"ppsf":{"count":44.0,"mean":909.9752723017,"std":374.0402744767,"min":542.2163588391,"25%":721.7664443713,"50%":793.604957528,"75%":917.5839552239,"max":2319.2771084337}}}