{"90068":{"rpsf":{"count":38.0,"mean":4.3471762772,"std":1.4438705163,"min":2.1258064516,"25%":3.3654765795,"50%":3.9090909091,"75%":5.1483907488,"max":8.8888888889},"ppsf":{"count":42.0,"mean":927.0277295451,"std":310.966867524,"min":235.3633421595,"25%":691.4470364224,"50%":912.9737005591,"75%":1118.740767364,"max":1498.127340824}}}