{"90066":{"rpsf":{"count":37.0,"mean":4.2115150313,"std":1.0047200828,"min":2.5229357798,"25%":3.7123404255,"50%":4.1632928475,"75%":4.4545454545,"max":7.5862068966},"ppsf":{"count":44.0,"mean":1043.0858212625,"std":291.0839510678,"min":519.9508901166,"25%":812.2744681724,"50%":1063.0909061794,"75%":1192.5011301989,"max":1731.8736539842}}}