{"90063":{"rpsf":{"count":9.0,"mean":2.9680797533,"std":0.9448742929,"min":1.701837985,"25%":2.442002442,"50%":2.9761904762,"75%":3.4666666667,"max":4.75},"ppsf":{"count":42.0,"mean":594.4463486998,"std":176.8841879034,"min":333.3333333333,"25%":445.750509864,"50%":579.1298478154,"75%":707.977190682,"max":1108.9494163424}}}