{"90062":{"rpsf":{"count":14.0,"mean":2.6799397698,"std":0.9728288876,"min":0.5015432099,"25%":2.4607055355,"50%":2.6237989653,"75%":2.8164231237,"max":4.75},"ppsf":{"count":44.0,"mean":477.7704701183,"std":159.4786222102,"min":146.1581291759,"25%":385.8957527843,"50%":488.5943944489,"75%":601.6043217397,"max":869.3609022556}}}