{"90065":{"rpsf":{"count":10.0,"mean":3.1704329085,"std":0.5819565854,"min":2.450229709,"25%":2.8643733543,"50%":2.9671753931,"75%":3.5062761052,"max":4.2307692308},"ppsf":{"count":38.0,"mean":872.3969163864,"std":340.1677688979,"min":382.4362606232,"25%":673.7286872858,"50%":785.2328476095,"75%":1045.5335406611,"max":2256.4935064935}}}