{"90066":{"rpsf":{"count":38.0,"mean":3.8445072832,"std":0.8403023609,"min":1.5,"25%":3.3660924271,"50%":3.7534094006,"75%":4.5424741949,"max":5.2402862986},"ppsf":{"count":43.0,"mean":1032.9417569535,"std":310.4804628341,"min":304.347826087,"25%":779.3794182942,"50%":1070.383125269,"75%":1194.5260699216,"max":1731.8736539842}}}