{"90069":{"rpsf":{"count":46.0,"mean":6.1320366485,"std":1.8217715141,"min":2.9,"25%":4.8180203255,"50%":6.015836808,"75%":7.6725246627,"max":9.5},"ppsf":{"count":41.0,"mean":1090.2381154081,"std":557.1179827495,"min":322.046374678,"25%":829.3067226891,"50%":946.1009174312,"75%":1137.8002528445,"max":3665.4448517161}}}