,rpsf,ppsf
count,37.0,43.0
mean,3.830469524543084,1032.9417569535233
std,0.8018218576690467,310.4804628340617
min,1.5,304.3478260869565
25%,3.375,779.3794182941676
50%,3.7989203778677463,1070.3831252690486
75%,4.476076555023924,1194.5260699216396
max,5.240286298568507,1731.8736539842068
