{"90064":{"rpsf":{"count":43.0,"mean":4.5317709495,"std":1.4097517362,"min":1.5436363636,"25%":3.5495730039,"50%":4.36875,"75%":5.1431320254,"max":8.1894643648},"ppsf":{"count":44.0,"mean":1042.4847051647,"std":384.7539491851,"min":431.6697151816,"25%":756.0612396519,"50%":1058.6351811087,"75%":1197.3881369427,"max":2564.308681672}}}