{"90061":{"rpsf":{"count":5.0,"mean":3.0837057913,"std":4.0061414213,"min":0.2860576923,"25%":0.4333333333,"50%":1.724137931,"75%":3.0,"max":9.975},"ppsf":{"count":44.0,"mean":458.2660251941,"std":125.0701673361,"min":226.0458839406,"25%":371.9398917835,"50%":447.2203235361,"75%":531.4893940651,"max":820.0922603793}}}