{"90077":{"rpsf":{"count":46.0,"mean":4.9097711047,"std":1.7609030311,"min":2.9574132492,"25%":3.7149844519,"50%":4.5582014192,"75%":5.7508508069,"max":12.6015121815},"ppsf":{"count":39.0,"mean":975.6767257227,"std":306.3126854873,"min":502.5125628141,"25%":769.8718015401,"50%":947.3684210526,"75%":1108.2817671125,"max":1846.926713948}}}