{"90094":{"rpsf":{"count":49.0,"mean":4.5661700847,"std":0.5601114061,"min":2.8703703704,"25%":4.2040256176,"50%":4.7295081967,"75%":4.9680511182,"max":5.8183856502},"ppsf":{"count":44.0,"mean":881.0327731029,"std":143.8333910278,"min":636.7346938776,"25%":769.6502278996,"50%":860.3278688525,"75%":1001.0572567504,"max":1145.9724076547}}}