{"90201":{"rpsf":{"count":3.0,"mean":5.3211396359,"std":1.0472011046,"min":4.3157894737,"25%":4.7788624788,"50%":5.2419354839,"75%":5.823814717,"max":6.4056939502},"ppsf":{"count":40.0,"mean":626.4516247844,"std":691.580711152,"min":110.119047619,"25%":370.631666128,"50%":426.15916122,"75%":637.450265252,"max":4642.8571428571}}}