{"90210":{"rpsf":{"count":47.0,"mean":5.0233024858,"std":1.9359124799,"min":2.844336938,"25%":3.6740716374,"50%":4.5673076923,"75%":5.5750046912,"max":11.5289109613},"ppsf":{"count":40.0,"mean":1905.4282676551,"std":2762.4309985049,"min":592.5778132482,"25%":983.7922604728,"50%":1298.2393658361,"75%":1672.9144311201,"max":17639.0773405699}}}