{"90211":{"rpsf":{"count":34.0,"mean":4.5417235211,"std":2.2213211396,"min":2.603030303,"25%":3.0071368915,"50%":4.0017157564,"75%":4.7040644495,"max":12.6198083067},"ppsf":{"count":31.0,"mean":1018.2167977811,"std":286.9928974272,"min":527.38336714,"25%":774.8013741031,"50%":981.9324430479,"75%":1235.4074463477,"max":1684.9315068493}}}