{"90210":{"rpsf":{"count":44.0,"mean":6.9334550699,"std":3.7836187317,"min":2.8373362445,"25%":4.0585144814,"50%":6.25,"75%":8.4530313712,"max":19.4828196954},"ppsf":{"count":40.0,"mean":1265.860185846,"std":415.6794917687,"min":479.5396419437,"25%":1008.8231764935,"50%":1149.3296197607,"75%":1546.0151281455,"max":2413.4790528233}}}