{"90212":{"rpsf":{"count":39.0,"mean":4.3591459969,"std":1.454582448,"min":1.5798160811,"25%":3.3541666667,"50%":3.875,"75%":4.9788581417,"max":8.5714285714},"ppsf":{"count":32.0,"mean":1205.5979282041,"std":909.1110230379,"min":386.4402547134,"25%":742.2921807165,"50%":839.5080150531,"75%":1209.1018410267,"max":3984.5758354756}}}