{"90222":{"rpsf":{"count":3.0,"mean":2.2869946954,"std":0.8098854247,"min":1.4064386318,"25%":1.9304920432,"50%":2.4545454545,"75%":2.7272727273,"max":3.0},"ppsf":{"count":43.0,"mean":530.7191143442,"std":137.7608527231,"min":181.7375886525,"25%":458.761598858,"50%":518.648018648,"75%":579.9491985359,"max":808.8235294118}}}