{"90220":{"rpsf":{"count":4.0,"mean":3.3965601066,"std":0.2685577108,"min":3.0936454849,"25%":3.2109113712,"50%":3.4193743938,"75%":3.6050231292,"max":3.6538461538},"ppsf":{"count":43.0,"mean":456.34875084,"std":194.6763814926,"min":86.7678958785,"25%":384.7245463099,"50%":489.7388059701,"75%":583.9917055991,"max":776.1437908497}}}