{"90221":{"rpsf":{"count":5.0,"mean":2.3658675799,"std":0.589207421,"min":1.7777777778,"25%":2.027027027,"50%":2.0606060606,"75%":2.787456446,"max":3.1764705882},"ppsf":{"count":43.0,"mean":492.7577014514,"std":151.33245737,"min":232.6413743737,"25%":386.9790060333,"50%":463.3061527057,"75%":600.7189484827,"max":932.4758842444}}}