{"90232":{"rpsf":{"count":44.0,"mean":4.9540905168,"std":1.3883144631,"min":2.75,"25%":4.1697781803,"50%":4.7608139783,"75%":5.3620814144,"max":10.101088647},"ppsf":{"count":41.0,"mean":988.8377476531,"std":264.6249549075,"min":384.6153846154,"25%":796.7959527825,"50%":1012.5184094256,"75%":1147.6664116297,"max":1764.1129032258}}}