{"90230":{"rpsf":{"count":44.0,"mean":3.8216806509,"std":0.7512399819,"min":2.825,"25%":3.1798318976,"50%":3.6852727347,"75%":4.2288507109,"max":5.5621301775},"ppsf":{"count":44.0,"mean":869.1306748779,"std":252.8777066041,"min":428.2407407407,"25%":666.7396354014,"50%":808.3636012014,"75%":1063.159989943,"max":1599.4623655914}}}