{"90232":{"rpsf":{"count":46.0,"mean":5.4858562509,"std":1.1649212047,"min":3.2785714286,"25%":4.8887176784,"50%":5.217150828,"75%":6.3759361026,"max":8.8211508554},"ppsf":{"count":43.0,"mean":1011.7905709518,"std":255.6686671854,"min":384.6153846154,"25%":823.6832160921,"50%":1012.5184094256,"75%":1151.7511868874,"max":1764.1129032258}}}