{"90245":{"rpsf":{"count":19.0,"mean":2.3557068448,"std":1.8242335732,"min":0.3331666667,"25%":0.3734166667,"50%":2.8,"75%":3.4012037037,"max":6.5518292683},"ppsf":{"count":44.0,"mean":886.6505394637,"std":309.868196865,"min":66.5641476274,"25%":683.9386569106,"50%":818.7318726753,"75%":1130.7570294463,"max":1400.9661835749}}}