{"90247":{"rpsf":{"count":16.0,"mean":3.0051516831,"std":1.2238333036,"min":1.7307692308,"25%":2.0736243141,"50%":2.3421993272,"75%":3.8455598456,"max":5.3571428571},"ppsf":{"count":44.0,"mean":481.2987420181,"std":146.4465344325,"min":232.6043737575,"25%":401.0015472032,"50%":450.1365040592,"75%":534.7013867023,"max":1026.7857142857}}}