{"90248":{"rpsf":{"count":2.0,"mean":2.3700367647,"std":0.8820637164,"min":1.7463235294,"25%":2.0581801471,"50%":2.3700367647,"75%":2.6818933824,"max":2.99375},"ppsf":{"count":20.0,"mean":487.8277471794,"std":123.3472350476,"min":155.3191489362,"25%":413.0332998747,"50%":480.4035353163,"75%":552.3105461982,"max":684.1155234657}}}