{"90241":{"rpsf":{"count":13.0,"mean":2.7463068032,"std":0.8516618701,"min":0.6264879088,"25%":2.6113671275,"50%":2.9615384615,"75%":3.2,"max":3.74875},"ppsf":{"count":44.0,"mean":533.6700245358,"std":185.1328357012,"min":125.0,"25%":452.7101434442,"50%":514.5257699459,"75%":587.1306433747,"max":1282.0512820513}}}