{"90240":{"rpsf":{"count":2.0,"mean":2.5253986333,"std":0.954030402,"min":1.8507972665,"25%":2.1880979499,"50%":2.5253986333,"75%":2.8626993166,"max":3.2},"ppsf":{"count":44.0,"mean":533.8750182418,"std":108.3947415467,"min":368.3806600153,"25%":446.9213367175,"50%":517.2960001147,"75%":629.8545731782,"max":760.5985037406}}}