{"90249":{"rpsf":{"count":9.0,"mean":3.4498189637,"std":1.0073248953,"min":2.380952381,"25%":2.8333333333,"50%":2.9545454545,"75%":3.5555555556,"max":5.2},"ppsf":{"count":44.0,"mean":545.2746005357,"std":133.3687414731,"min":88.8888888889,"25%":483.2855976326,"50%":543.9504882716,"75%":625.7465870307,"max":824.5221027479}}}