{"90242":{"rpsf":{"count":8.0,"mean":3.0852788232,"std":0.7428534474,"min":2.2,"25%":2.5742647059,"50%":2.8838818033,"75%":3.4603950519,"max":4.4444444444},"ppsf":{"count":44.0,"mean":544.3571725762,"std":161.5124413771,"min":70.652173913,"25%":460.2665806795,"50%":527.8844299623,"75%":631.9199862041,"max":937.5}}}