{"90254":{"rpsf":{"count":45.0,"mean":5.9982727712,"std":2.8443330302,"min":3.1031468531,"25%":4.2446524064,"50%":5.0114547537,"75%":6.9153846154,"max":17.5},"ppsf":{"count":43.0,"mean":1808.0299346653,"std":1573.9303520124,"min":732.6661901358,"25%":941.6497527389,"50%":1178.5297549592,"75%":1886.2220109844,"max":8094.6450809465}}}