{"90250":{"rpsf":{"count":22.0,"mean":2.951753686,"std":0.6373282795,"min":2.1569230769,"25%":2.4669354839,"50%":2.8541666667,"75%":3.1909385113,"max":4.5953360768},"ppsf":{"count":43.0,"mean":634.6125819666,"std":214.7313051836,"min":236.8587713743,"25%":458.5675408173,"50%":621.0191082803,"75%":766.9853686803,"max":1162.962962963}}}