{"90255":{"rpsf":{"count":2.0,"mean":2.498735574,"std":0.2701759783,"min":2.3076923077,"25%":2.4032139409,"50%":2.498735574,"75%":2.5942572072,"max":2.6897788404},"ppsf":{"count":42.0,"mean":450.4945658279,"std":133.5061382649,"min":46.0992907801,"25%":396.7500037745,"50%":447.4248766212,"75%":498.7934251195,"max":741.8224299065}}}