{"90250":{"rpsf":{"count":18.0,"mean":2.9607472451,"std":0.6606971998,"min":1.7727272727,"25%":2.6552197802,"50%":2.9337998279,"75%":3.272168525,"max":4.4626865672},"ppsf":{"count":44.0,"mean":579.3029896373,"std":222.7941303272,"min":223.1404958678,"25%":425.2710680434,"50%":546.8909288939,"75%":746.7424330957,"max":1248.5795454545}}}