{"90266":{"rpsf":{"count":43.0,"mean":4.7128430866,"std":1.350663552,"min":2.2880539499,"25%":3.6738818768,"50%":4.5317220544,"75%":5.2443967285,"max":8.7181903864},"ppsf":{"count":44.0,"mean":1325.0527689189,"std":397.6882359262,"min":755.5809959931,"25%":1086.1583851017,"50%":1195.0257286455,"75%":1491.8459412897,"max":2307.0469798658}}}