{"90262":{"rpsf":{"count":3.0,"mean":3.2480673076,"std":0.9020707332,"min":2.3063909774,"25%":2.8198621554,"50%":3.3333333333,"75%":3.7189054726,"max":4.1044776119},"ppsf":{"count":42.0,"mean":493.3914464891,"std":166.2097667295,"min":119.0476190476,"25%":355.4585589186,"50%":495.5152016146,"75%":635.6852592,"max":827.0202020202}}}