{"90265":{"rpsf":{"count":47.0,"mean":10.2687184455,"std":8.4733077282,"min":3.5499726925,"25%":4.737792046,"50%":6.4065230052,"75%":12.4766839378,"max":35.0},"ppsf":{"count":36.0,"mean":1343.614180784,"std":804.5419495164,"min":481.1547714515,"25%":757.3502505395,"50%":1183.9094910913,"75%":1522.630651581,"max":3885.2218555189}}}