{"90260":{"rpsf":{"count":11.0,"mean":2.8981890456,"std":0.6677794083,"min":1.6266968326,"25%":2.6018722467,"50%":2.8571428571,"75%":3.0800167224,"max":4.1176470588},"ppsf":{"count":43.0,"mean":518.2252473225,"std":170.3345988501,"min":224.2391884677,"25%":426.2882745442,"50%":480.7692307692,"75%":594.8473461685,"max":1125.0}}}