{"90277":{"rpsf":{"count":45.0,"mean":3.8528210808,"std":1.2242851295,"min":2.3665893271,"25%":3.1378836464,"50%":3.5642857143,"75%":4.0073982737,"max":8.25},"ppsf":{"count":44.0,"mean":1011.807169658,"std":269.1509684029,"min":575.5302638386,"25%":798.1027678049,"50%":964.6721299858,"75%":1219.1914839664,"max":1604.609929078}}}