{"90274":{"rpsf":{"count":32.0,"mean":3.4968225972,"std":1.4072449255,"min":2.0289119959,"25%":2.6545481747,"50%":3.1142634452,"75%":4.0186263097,"max":8.7229588276},"ppsf":{"count":44.0,"mean":931.9418367188,"std":243.778732831,"min":543.372792548,"25%":713.3740420029,"50%":957.1716758019,"75%":1083.9387144859,"max":1431.3897413415}}}