{"90278":{"rpsf":{"count":40.0,"mean":3.067733794,"std":0.7360190889,"min":1.9648619577,"25%":2.5603729549,"50%":2.8608692963,"75%":3.5322320526,"max":5.22971652},"ppsf":{"count":43.0,"mean":858.6623587253,"std":382.5570053689,"min":457.6659038902,"25%":656.6167819281,"50%":766.5572666025,"75%":915.6468691606,"max":2798.5074626866}}}