{"90270":{"rpsf":{"count":0,"unique":0,"top":null,"freq":null,"mean":null,"std":null,"min":null,"25%":null,"50%":null,"75%":null,"max":null},"ppsf":{"count":8.0,"unique":null,"top":null,"freq":null,"mean":533.7743952334,"std":196.6471218153,"min":332.9694323144,"25%":356.5105599258,"50%":493.060522289,"75%":706.5677966102,"max":808.8235294118}}}