{"90272":{"rpsf":{"count":49.0,"mean":5.7952209708,"std":2.0268099954,"min":2.8762198254,"25%":4.5454545455,"50%":5.2476415094,"75%":6.5269666781,"max":12.9822412737},"ppsf":{"count":43.0,"mean":1191.0582316895,"std":534.9882035667,"min":326.455311973,"25%":844.4147728217,"50%":1050.929668553,"75%":1339.4056006764,"max":2943.3139534884}}}