{"90275":{"rpsf":{"count":45.0,"mean":3.2635544242,"std":0.7530202828,"min":1.9854234732,"25%":2.8277634961,"50%":3.2154545455,"75%":3.5009090909,"max":6.338028169},"ppsf":{"count":44.0,"mean":844.0177578373,"std":147.5873659904,"min":591.424346969,"25%":741.5289526493,"50%":830.6791710277,"75%":969.961899402,"max":1119.3672099712}}}