{"90280":{"rpsf":{"count":7.0,"mean":2.9151085062,"std":0.8819632529,"min":1.746031746,"25%":2.2979041916,"50%":2.9666666667,"75%":3.5307692308,"max":4.0357142857},"ppsf":{"count":44.0,"mean":509.8739921672,"std":156.7335171507,"min":126.8849633779,"25%":400.0899360146,"50%":477.8593489558,"75%":620.3099094774,"max":923.8683127572}}}