{"90290":{"rpsf":{"count":15.0,"mean":5.0189844908,"std":1.7124937971,"min":2.65,"25%":3.5331451858,"50%":4.9964285714,"75%":6.3232758621,"max":7.5},"ppsf":{"count":41.0,"mean":1284.0451850184,"std":1091.7923739001,"min":269.2307692308,"25%":795.4545454545,"50%":1048.0549199085,"75%":1394.9843260188,"max":7222.2222222222}}}