{"90291":{"rpsf":{"count":45.0,"mean":6.2033305169,"std":2.5251705005,"min":3.4625,"25%":4.4679122665,"50%":5.1903114187,"75%":6.8181818182,"max":13.0813953488},"ppsf":{"count":43.0,"mean":1263.4891835909,"std":526.1038791094,"min":566.5796344648,"25%":958.2712392733,"50%":1151.4175191816,"75%":1376.8641296027,"max":3765.1515151515}}}