{"90293":{"rpsf":{"count":46.0,"mean":3.8988473441,"std":0.6851224103,"min":2.4,"25%":3.4939613527,"50%":3.9357684707,"75%":4.1844438809,"max":6.2642369021},"ppsf":{"count":42.0,"mean":774.3333347141,"std":157.3254873539,"min":568.0119581465,"25%":675.8371754429,"50%":727.4234776419,"75%":813.079092916,"max":1263.4408602151}}}