{"90292":{"rpsf":{"count":44.0,"mean":4.4028615606,"std":0.8539643606,"min":2.4068322981,"25%":3.9318588547,"50%":4.4082027733,"75%":4.8641462776,"max":6.0428849903},"ppsf":{"count":43.0,"mean":861.2418954963,"std":213.1505976972,"min":497.6771196283,"25%":729.0690265487,"50%":842.1052631579,"75%":963.8562832654,"max":1471.2292938099}}}