{"90291":{"rpsf":{"count":37.0,"mean":5.7652822054,"std":1.8780355308,"min":3.1795454545,"25%":4.4658325313,"50%":5.0883838384,"75%":6.9119496855,"max":10.0},"ppsf":{"count":44.0,"mean":1180.9517709424,"std":363.9454896106,"min":566.5796344648,"25%":930.2674010445,"50%":1094.1642105153,"75%":1364.4024093282,"max":2097.9020979021}}}