{"90304":{"rpsf":{"count":12.0,"mean":4.0094476454,"std":0.8953861523,"min":1.652173913,"25%":3.68775,"50%":4.4081632653,"75%":4.5795964126,"max":4.7907324365},"ppsf":{"count":25.0,"mean":634.6396969505,"std":239.8841374995,"min":268.9135891,"25%":444.2567567568,"50%":560.4075691412,"75%":870.4735376045,"max":1068.0}}}