{"90302":{"rpsf":{"count":30.0,"mean":3.4296677616,"std":3.0006549302,"min":0.3486464315,"25%":2.5652777778,"50%":2.8564408197,"75%":3.3332052251,"max":18.5},"ppsf":{"count":44.0,"mean":515.6136829923,"std":163.7168810182,"min":48.0442176871,"25%":441.967848592,"50%":494.589973377,"75%":579.4135548099,"max":941.3580246914}}}