{"90301":{"rpsf":{"count":16.0,"mean":3.1776417497,"std":1.1072045302,"min":1.0268111808,"25%":2.7837737696,"50%":3.0082070707,"75%":3.1585057748,"max":6.0},"ppsf":{"count":44.0,"mean":492.6809049046,"std":134.3719028006,"min":300.4291845494,"25%":380.4151186227,"50%":489.7751502229,"75%":582.3587221844,"max":855.0}}}