{"90302":{"rpsf":{"count":27.0,"mean":3.1387421832,"std":3.0534760122,"min":0.3486464315,"25%":2.4082633053,"50%":2.8068506185,"75%":3.0351599123,"max":17.95},"ppsf":{"count":44.0,"mean":551.3069010514,"std":163.3823634819,"min":295.5813602775,"25%":458.5546612795,"50%":502.5211682074,"75%":586.1490847325,"max":1125.4019292605}}}