{"90302":{"rpsf":{"count":31.0,"mean":2.6393368095,"std":0.6258669627,"min":0.3486464315,"25%":2.3125,"50%":2.6382823872,"75%":2.9333335905,"max":3.6644165863},"ppsf":{"count":44.0,"mean":539.1997623104,"std":149.8156096667,"min":325.5434782609,"25%":454.4068335384,"50%":502.5211682074,"75%":566.1014345631,"max":1125.4019292605}}}