{"90303":{"rpsf":{"count":12.0,"mean":3.1899396812,"std":0.9684845303,"min":1.9646365422,"25%":2.5638720361,"50%":2.9093672457,"75%":3.7482142857,"max":5.4924242424},"ppsf":{"count":37.0,"mean":479.5879441218,"std":133.2437023198,"min":283.8221381268,"25%":390.4639175258,"50%":454.5454545455,"75%":571.4285714286,"max":809.3994778068}}}