{"90305":{"rpsf":{"count":10.0,"mean":2.927145048,"std":1.0776032778,"min":1.9345923538,"25%":2.2399735647,"50%":2.7086496346,"75%":3.2200046685,"max":5.5714285714},"ppsf":{"count":44.0,"mean":524.6097316213,"std":119.0516415593,"min":311.3055944056,"25%":429.0135982139,"50%":517.7376866879,"75%":611.7403216175,"max":766.3551401869}}}