{"90302":{"rpsf":{"count":21.0,"mean":2.8361381839,"std":0.5176508554,"min":2.2105263158,"25%":2.4143145161,"50%":2.7910305344,"75%":3.125,"max":4.0},"ppsf":{"count":43.0,"mean":531.7327727118,"std":190.0816289459,"min":48.0442176871,"25%":439.26122298,"50%":545.2460850112,"75%":639.9455411845,"max":978.5202863962}}}