{"90402":{"rpsf":{"count":46.0,"mean":6.8876177216,"std":2.5352534526,"min":3.785011355,"25%":5.1456766917,"50%":6.1109242027,"75%":7.8604451259,"max":13.6165577342},"ppsf":{"count":41.0,"mean":1696.7321778424,"std":844.3983839332,"min":818.9300411523,"25%":1229.6416938111,"50%":1629.746835443,"75%":1993.7225360954,"max":5833.3333333333}}}