{"90401":{"rpsf":{"count":49.0,"mean":5.5901076244,"std":1.6755666098,"min":3.4462269756,"25%":4.5087514586,"50%":5.24,"75%":6.3606911447,"max":12.0192307692},"ppsf":{"count":19.0,"mean":992.9114586908,"std":272.5548336929,"min":575.4594393911,"25%":852.9662286121,"50%":967.1532846715,"75%":1130.707710129,"max":1666.6666666667}}}