{"90404":{"rpsf":{"count":44.0,"mean":5.6343013767,"std":1.1744026609,"min":3.3928571429,"25%":5.2099510838,"50%":5.7916482728,"75%":6.5266221024,"max":8.25},"ppsf":{"count":41.0,"mean":906.9366242206,"std":309.7562466122,"min":486.6666666667,"25%":729.6416938111,"50%":823.6658932715,"75%":983.4710743802,"max":2195.1219512195}}}