{"90405":{"rpsf":{"count":38.0,"mean":5.1471167524,"std":1.2829712102,"min":2.0040096231,"25%":4.4372952996,"50%":4.9264705882,"75%":5.9462765957,"max":8.3333333333},"ppsf":{"count":43.0,"mean":1129.1826250038,"std":405.2725842361,"min":300.8885298869,"25%":847.7521333813,"50%":1121.2333566924,"75%":1400.3903139568,"max":2195.8456973294}}}