{"90403":{"rpsf":{"count":43.0,"mean":4.5194059729,"std":1.1704785074,"min":2.9,"25%":3.9281629318,"50%":4.43,"75%":4.8682360935,"max":10.262077676},"ppsf":{"count":43.0,"mean":1065.7440831861,"std":293.2359862251,"min":422.2780187172,"25%":946.1346266902,"50%":1052.2788203753,"75%":1176.7521706117,"max":2170.0507614213}}}