{"90502":{"rpsf":{"count":24.0,"mean":3.5356728052,"std":0.6564916422,"min":2.0380434783,"25%":3.3210750293,"50%":3.440814185,"75%":4.0615963855,"max":4.4557522124},"ppsf":{"count":44.0,"mean":529.5640552089,"std":165.3593094522,"min":81.7307692308,"25%":448.3418559107,"50%":558.1438706517,"75%":610.50059377,"max":866.1825726141}}}