{"90503":{"rpsf":{"count":30.0,"mean":3.416150618,"std":0.7702181506,"min":1.7550702028,"25%":2.821191623,"50%":3.3740200348,"75%":3.9702216229,"max":4.5723684211},"ppsf":{"count":43.0,"mean":733.9245482978,"std":150.4602076717,"min":470.3883495146,"25%":627.5709931283,"50%":712.6824817518,"75%":831.0335497835,"max":1236.1705627706}}}