{"90505":{"rpsf":{"count":16.0,"mean":3.5218246266,"std":1.482849801,"min":1.7,"25%":2.5590611377,"50%":3.1689429929,"75%":4.3075884956,"max":7.1428571429},"ppsf":{"count":44.0,"mean":688.4925836849,"std":228.7138267851,"min":166.2404092072,"25%":538.3340533913,"50%":652.5850648248,"75%":821.7835133106,"max":1279.602750191}}}