{"90504":{"rpsf":{"count":15.0,"mean":3.1382918776,"std":1.1529479716,"min":2.2142857143,"25%":2.5353066997,"50%":2.8333333333,"75%":3.3484395621,"max":7.0422535211},"ppsf":{"count":44.0,"mean":659.5748570075,"std":124.125467687,"min":398.1797497156,"25%":580.5864602181,"50%":649.6218253672,"75%":725.1188779051,"max":969.387755102}}}