{"90501":{"rpsf":{"count":24.0,"mean":2.5529695263,"std":0.5622140639,"min":1.4285714286,"25%":2.169047619,"50%":2.6697823727,"75%":2.7916071429,"max":3.8083333333},"ppsf":{"count":44.0,"mean":556.1524794851,"std":190.3298228667,"min":70.0,"25%":468.8352891137,"50%":584.9488217959,"75%":657.7243718257,"max":1107.2727272727}}}