{"90602":{"rpsf":{"count":13.0,"mean":2.6367061579,"std":0.5197231658,"min":1.7307692308,"25%":2.3214285714,"50%":2.5368731563,"75%":2.9743589744,"max":3.7},"ppsf":{"count":41.0,"mean":507.8809326698,"std":140.3343893341,"min":182.7040194884,"25%":431.3578394599,"50%":484.1838886546,"75%":577.841451767,"max":942.5493716338}}}