{"90601":{"rpsf":{"count":11.0,"mean":2.8378241274,"std":0.7487799747,"min":1.9345923538,"25%":2.5468627451,"50%":2.6923076923,"75%":2.8802369413,"max":4.8888888889},"ppsf":{"count":44.0,"mean":510.8995862427,"std":97.6228152819,"min":341.922005571,"25%":446.2557626002,"50%":510.3546619873,"75%":567.0673076923,"max":720.2881152461}}}