{"90603":{"rpsf":{"count":4.0,"mean":3.0430008169,"std":0.4349328868,"min":2.6923076923,"25%":2.6967891062,"50%":2.9420949787,"75%":3.2883066894,"max":3.595505618},"ppsf":{"count":44.0,"mean":544.0502390855,"std":99.0594296855,"min":210.3773584906,"25%":490.898900395,"50%":550.6931136515,"75%":590.9311606812,"max":815.6028368794}}}