{"90606":{"rpsf":{"count":2.0,"mean":2.2390804953,"std":0.0227322723,"min":2.2230063514,"25%":2.2310434234,"50%":2.2390804953,"75%":2.2471175672,"max":2.2551546392},"ppsf":{"count":42.0,"mean":561.6757594778,"std":149.4737977831,"min":86.8055555556,"25%":503.5126799178,"50%":547.3858518477,"75%":662.9901311724,"max":883.152173913}}}