{"90604":{"rpsf":{"count":3.0,"mean":2.4670483499,"std":0.2416688264,"min":2.2263513514,"25%":2.3457338152,"50%":2.4651162791,"75%":2.5873968492,"max":2.7096774194},"ppsf":{"count":44.0,"mean":537.0199944789,"std":109.8388138866,"min":213.2768361582,"25%":477.9776911351,"50%":521.2498517728,"75%":602.7612929769,"max":941.7475728155}}}