{"90605":{"rpsf":{"count":6.0,"mean":3.08730689,"std":0.8376916803,"min":2.4117259552,"25%":2.6923076923,"50%":2.8436538462,"75%":2.995,"max":4.7375},"ppsf":{"count":44.0,"mean":547.2296220402,"std":144.3598322783,"min":347.850678733,"25%":436.688217301,"50%":490.6375904156,"75%":648.9228914562,"max":867.7184466019}}}