{"90623":{"rpsf":{"count":0,"unique":0,"top":null,"freq":null,"mean":null,"std":null,"min":null,"25%":null,"50%":null,"75%":null,"max":null},"ppsf":{"count":44.0,"unique":null,"top":null,"freq":null,"mean":492.3543677673,"std":77.9048012596,"min":299.017513883,"25%":443.4725664102,"50%":480.2666554053,"75%":531.0839986536,"max":675.6756756757}}}