{"90630":{"rpsf":{"count":14.0,"mean":3.1676766413,"std":1.6312256702,"min":1.7333333333,"25%":2.1608635584,"50%":2.4397546898,"75%":3.1505113636,"max":6.8181818182},"ppsf":{"count":44.0,"mean":548.1002731737,"std":110.059319687,"min":104.1666666667,"25%":492.7312042582,"50%":545.3784999638,"75%":621.2259666041,"max":761.8257261411}}}