{"90638":{"rpsf":{"count":12.0,"mean":2.7655867701,"std":0.73526991,"min":1.5767896563,"25%":2.2292221091,"50%":2.6237842239,"75%":3.2148541114,"max":4.2117930205},"ppsf":{"count":44.0,"mean":524.4414162595,"std":72.0819697838,"min":375.4531330917,"25%":480.6272717929,"50%":523.4424293122,"75%":576.4577328162,"max":672.268907563}}}