{"90631":{"rpsf":{"count":25.0,"mean":2.664398258,"std":1.2422497297,"min":0.8051948052,"25%":2.1251931994,"50%":2.4347826087,"75%":2.9266666667,"max":7.5},"ppsf":{"count":44.0,"mean":483.2788385872,"std":132.4699115305,"min":125.6613756614,"25%":430.9241399128,"50%":483.4789546882,"75%":550.6179272898,"max":730.2771855011}}}