{"90640":{"rpsf":{"count":14.0,"mean":2.7032857591,"std":0.3659627516,"min":2.3053278689,"25%":2.5283320032,"50%":2.6651260504,"75%":2.7292181009,"max":3.86},"ppsf":{"count":44.0,"mean":486.1034982493,"std":104.9320971822,"min":270.8333333333,"25%":401.9173779042,"50%":490.7835303289,"75%":543.3109507874,"max":790.8163265306}}}