{"90650":{"rpsf":{"count":14.0,"mean":2.8638198378,"std":0.8534316581,"min":1.2741935484,"25%":2.1698246711,"50%":3.1684194315,"75%":3.4238488784,"max":4.3103448276},"ppsf":{"count":44.0,"mean":547.5974173047,"std":127.2941156551,"min":353.9737186636,"25%":463.5264067313,"50%":534.6359165487,"75%":628.9360347453,"max":887.0967741935}}}