{"90660":{"rpsf":{"count":14.0,"mean":3.0323544409,"std":0.6478461376,"min":1.9388516033,"25%":2.7903260741,"50%":2.8337730871,"75%":3.3227194492,"max":4.5},"ppsf":{"count":44.0,"mean":549.5466322539,"std":146.959576998,"min":100.4464285714,"25%":462.3907989439,"50%":559.1092436975,"75%":634.8876011976,"max":825.1833740831}}}