{"90670":{"rpsf":{"count":8.0,"mean":3.2111379947,"std":0.7680686489,"min":1.7797029703,"25%":3.1197048,"50%":3.4566231343,"75%":3.7002145309,"max":3.9202898551},"ppsf":{"count":38.0,"mean":468.2437062817,"std":126.5290270069,"min":48.435171386,"25%":390.0741411431,"50%":443.7102522974,"75%":550.5838593995,"max":729.1666666667}}}