{"90701":{"rpsf":{"count":4.0,"mean":3.5318754313,"std":0.4433231256,"min":2.962962963,"25%":3.3191137566,"50%":3.5822693812,"75%":3.7950310559,"max":4.0},"ppsf":{"count":35.0,"mean":574.4348223233,"std":191.7557757844,"min":67.5510204082,"25%":479.3186985962,"50%":541.9281232173,"75%":669.5922932873,"max":1060.6060606061}}}