{"90703":{"rpsf":{"count":34.0,"mean":3.380246775,"std":1.0489532176,"min":1.6159338595,"25%":2.4789623449,"50%":3.719714035,"75%":4.2129360465,"max":5.5397923875},"ppsf":{"count":44.0,"mean":557.7506222599,"std":126.6245169113,"min":197.0296703297,"25%":499.2437337943,"50%":572.4784407999,"75%":632.2367164204,"max":819.453697535}}}