{"90704":{"rpsf":{"count":0,"unique":0,"top":null,"freq":null,"mean":null,"std":null,"min":null,"25%":null,"50%":null,"75%":null,"max":null},"ppsf":{"count":13.0,"unique":null,"top":null,"freq":null,"mean":751.863353992,"std":298.4068459285,"min":141.6122004357,"25%":570.4697986577,"50%":714.77195371,"75%":881.5789473684,"max":1277.7777777778}}}