{"90706":{"rpsf":{"count":18.0,"mean":3.5734630672,"std":0.9427765087,"min":1.619620546,"25%":3.1469626168,"50%":3.5683441608,"75%":4.1485507246,"max":5.2147239264},"ppsf":{"count":44.0,"mean":527.6317812242,"std":187.221639186,"min":31.914893617,"25%":441.3680034269,"50%":533.2978364455,"75%":614.0620586574,"max":959.8698481562}}}