{"90715":{"rpsf":{"count":3.0,"mean":2.748184727,"std":0.1980940582,"min":2.5299600533,"25%":2.6639437572,"50%":2.7979274611,"75%":2.8572970639,"max":2.9166666667},"ppsf":{"count":42.0,"mean":537.6964282031,"std":123.5333677364,"min":169.4915254237,"25%":464.0504148512,"50%":537.1072064632,"75%":628.5444941324,"max":735.2941176471}}}