{"90712":{"rpsf":{"count":3.0,"mean":3.4802361763,"std":0.5916383613,"min":3.066439523,"25%":3.141406896,"50%":3.216374269,"75%":3.6871345029,"max":4.1578947368},"ppsf":{"count":44.0,"mean":627.726237402,"std":117.2202167488,"min":347.7727829996,"25%":540.8765417999,"50%":631.2288171427,"75%":718.9065912887,"max":867.266591676}}}