{"90713":{"rpsf":{"count":4.0,"mean":2.4484987709,"std":1.0854068861,"min":0.8598452279,"25%":2.2655736989,"50%":2.817074928,"75%":3.0,"max":3.3},"ppsf":{"count":44.0,"mean":652.6052599834,"std":98.7304469532,"min":460.5263157895,"25%":583.3916185813,"50%":655.4004227686,"75%":722.800434249,"max":872.7477477477}}}