{"90716":{"rpsf":{"count":4.0,"mean":2.3800733494,"std":0.5519467777,"min":1.6329196604,"25%":2.1506541575,"50%":2.4921717172,"75%":2.7215909091,"max":2.903030303},"ppsf":{"count":18.0,"mean":411.2218519038,"std":129.2095992811,"min":117.0454545455,"25%":362.2100048571,"50%":450.7280981016,"75%":494.9725776965,"max":575.0}}}