{"90710":{"rpsf":{"count":11.0,"mean":2.8741413119,"std":0.6973000319,"min":1.8867924528,"25%":2.3179945055,"50%":2.8322440087,"75%":3.3268229167,"max":4.2462845011},"ppsf":{"count":42.0,"mean":428.9205372004,"std":215.1543253112,"min":86.8421052632,"25%":174.9094202899,"50%":479.5582742491,"75%":569.5678844057,"max":872.6946721311}}}