{"90717":{"rpsf":{"count":9.0,"mean":2.9807442013,"std":0.6885343473,"min":2.1984765129,"25%":2.8076923077,"50%":2.8076923077,"75%":2.9970760234,"max":4.4964028777},"ppsf":{"count":41.0,"mean":619.0944413571,"std":188.1659869629,"min":128.7878787879,"25%":513.7751303053,"50%":577.1503611294,"75%":714.2857142857,"max":1237.8238636364}}}