{"90723":{"rpsf":{"count":4.0,"mean":3.6923750645,"std":1.0107702485,"min":2.6363636364,"25%":3.063266498,"50%":3.5790683109,"75%":4.2081768775,"max":4.975},"ppsf":{"count":42.0,"mean":495.4880691905,"std":203.930761203,"min":141.404805915,"25%":404.7319727808,"50%":480.8867064689,"75%":542.2887353359,"max":1075.2688172043}}}