{"90731":{"rpsf":{"count":38.0,"mean":2.7761420124,"std":0.7376656355,"min":1.75,"25%":2.2078568954,"50%":2.5871287129,"75%":3.2340881643,"max":4.625},"ppsf":{"count":44.0,"mean":570.9105133371,"std":192.2061706897,"min":219.6285140562,"25%":441.8340636492,"50%":553.9084278119,"75%":703.1952655099,"max":956.7387687188}}}