{"90732":{"rpsf":{"count":28.0,"mean":2.8165853284,"std":0.5522643081,"min":1.8055555556,"25%":2.5149071359,"50%":2.8442242367,"75%":3.1157998206,"max":4.1055718475},"ppsf":{"count":44.0,"mean":535.7549192661,"std":163.1689913392,"min":178.9583333333,"25%":452.623748748,"50%":509.5094513108,"75%":606.185953002,"max":976.7578125}}}