{"90746":{"rpsf":{"count":5.0,"mean":2.3787153717,"std":0.1623886535,"min":2.203525641,"25%":2.2619673856,"50%":2.3686158401,"75%":2.4418604651,"max":2.6176075269},"ppsf":{"count":44.0,"mean":432.7140118763,"std":124.3420546154,"min":130.2083333333,"25%":401.8176854509,"50%":455.1160930474,"75%":507.2917011852,"max":709.939148073}}}