{"90744":{"rpsf":{"count":21.0,"mean":2.8173113127,"std":0.3340952481,"min":2.5388888889,"25%":2.6182539683,"50%":2.7303754266,"75%":2.866894198,"max":4.0229885057},"ppsf":{"count":41.0,"mean":550.0149440352,"std":356.2747636793,"min":191.2568306011,"25%":416.6666666667,"50%":477.0710059172,"75%":575.3968253968,"max":2124.840357599}}}