{"90745":{"rpsf":{"count":10.0,"mean":2.9162420065,"std":0.806059533,"min":1.9503759398,"25%":2.4150568024,"50%":2.7908025501,"75%":3.2139261119,"max":4.5833333333},"ppsf":{"count":44.0,"mean":516.9940111331,"std":146.1473861016,"min":186.875,"25%":427.0786011329,"50%":516.8867263311,"75%":591.5222450948,"max":877.4193548387}}}