{"90755":{"rpsf":{"count":13.0,"mean":2.654263833,"std":0.7324016488,"min":1.0965653153,"25%":2.2941176471,"50%":2.4752066116,"75%":3.2378378378,"max":3.6470588235},"ppsf":{"count":40.0,"mean":541.5419787563,"std":274.6146963109,"min":343.3667111704,"25%":436.9592818716,"50%":475.3436280869,"75%":517.9171231692,"max":2053.1400966184}}}