{"90804":{"rpsf":{"count":28.0,"mean":3.2144388695,"std":0.5220708016,"min":2.1638888889,"25%":2.89375,"50%":3.1891693623,"75%":3.5201005025,"max":4.1196388262},"ppsf":{"count":43.0,"mean":524.2375014041,"std":127.5130370566,"min":302.3909985935,"25%":427.8559187003,"50%":542.6765015806,"75%":601.1146345075,"max":795.7650273224}}}