{"90808":{"rpsf":{"count":9.0,"mean":2.3833924047,"std":0.5631253271,"min":1.1272141707,"25%":2.3738872404,"50%":2.5075301205,"75%":2.6956815115,"max":3.0},"ppsf":{"count":44.0,"mean":642.6272540328,"std":156.4727678379,"min":336.6152208622,"25%":552.576977274,"50%":613.1095332568,"75%":742.1224969331,"max":1059.291395517}}}