{"90805":{"rpsf":{"count":17.0,"mean":3.0108703738,"std":0.8528706035,"min":1.995,"25%":2.535,"50%":3.0588235294,"75%":3.2360406091,"max":5.7803468208},"ppsf":{"count":44.0,"mean":560.2189094537,"std":113.7968464147,"min":375.6260434057,"25%":479.802212212,"50%":529.9432218042,"75%":656.7982227866,"max":798.5257985258}}}