{"90802":{"rpsf":{"count":35.0,"mean":3.4902509719,"std":0.8727499827,"min":0.3300874732,"25%":3.0709584966,"50%":3.6081258191,"75%":4.0712292325,"max":4.8672566372},"ppsf":{"count":44.0,"mean":595.1965873068,"std":161.920480897,"min":236.9200394867,"25%":497.7707426461,"50%":587.2639573071,"75%":664.1912975965,"max":927.8350515464}}}