{"90803":{"rpsf":{"count":27.0,"mean":3.4410776119,"std":1.0265175347,"min":2.3038461538,"25%":2.8375433192,"50%":3.325,"75%":3.6279122807,"max":6.4906966681},"ppsf":{"count":43.0,"mean":800.6795207299,"std":330.6854182245,"min":120.6597222222,"25%":625.7664383616,"50%":734.4544387955,"75%":890.7215631462,"max":2192.2428330523}}}