{"90806":{"rpsf":{"count":11.0,"mean":2.8475389036,"std":0.5211664623,"min":2.1266666667,"25%":2.3773809524,"50%":3.1414285714,"75%":3.1893361582,"max":3.672985782},"ppsf":{"count":43.0,"mean":568.7629695294,"std":151.372819731,"min":176.2632197415,"25%":455.2730696798,"50%":564.0423031727,"75%":682.9587438424,"max":875.0}}}