{"90807":{"rpsf":{"count":17.0,"mean":2.9039088423,"std":0.4840078126,"min":2.2807017544,"25%":2.4456902593,"50%":2.9333333333,"75%":3.2064220183,"max":3.7088888889},"ppsf":{"count":44.0,"mean":600.9033321292,"std":162.9674366602,"min":281.29395218,"25%":499.9466983631,"50%":559.2155974475,"75%":687.1998616797,"max":992.8810720268}}}