{"90814":{"rpsf":{"count":14.0,"mean":2.9246034951,"std":0.4934175855,"min":2.1816562778,"25%":2.55,"50%":2.8895408163,"75%":3.4329819277,"max":3.5444444444},"ppsf":{"count":44.0,"mean":627.6926596679,"std":149.693016154,"min":360.0823045267,"25%":551.415085358,"50%":604.0255635442,"75%":663.8966415788,"max":1035.1089588378}}}