{"90810":{"rpsf":{"count":4.0,"mean":3.4803730249,"std":1.2253133673,"min":2.3529411765,"25%":2.8443328551,"50%":3.1790650407,"75%":3.8151052104,"max":5.2104208417},"ppsf":{"count":43.0,"mean":520.7649483269,"std":141.8669319143,"min":216.7682926829,"25%":432.8586878154,"50%":534.2465753425,"75%":591.4403722905,"max":848.6842105263}}}