{"90815":{"rpsf":{"count":47.0,"mean":3.2072491421,"std":0.305717578,"min":2.0641473484,"25%":3.1015037594,"50%":3.1484962406,"75%":3.4159159159,"max":3.7},"ppsf":{"count":44.0,"mean":599.317790395,"std":129.1651007249,"min":338.8746803069,"25%":513.8811288204,"50%":585.0345638607,"75%":692.724498443,"max":864.6003262643}}}