{"90813":{"rpsf":{"count":33.0,"mean":2.9377786233,"std":0.621646145,"min":1.8973214286,"25%":2.5523255814,"50%":2.8392857143,"75%":3.3125,"max":4.6666666667},"ppsf":{"count":43.0,"mean":462.8541215777,"std":115.8810389387,"min":244.9133383572,"25%":389.4753116732,"50%":469.8924731183,"75%":543.7044745057,"max":737.7049180328}}}