{"91006":{"rpsf":{"count":28.0,"mean":2.6044820427,"std":0.926077902,"min":1.4810045074,"25%":1.9963048499,"50%":2.3135659057,"75%":2.9401431718,"max":5.0819672131},"ppsf":{"count":42.0,"mean":714.0163331179,"std":189.475110643,"min":435.288849082,"25%":581.4608654075,"50%":658.5327933308,"75%":789.0616423856,"max":1233.3333333333}}}