{"91007":{"rpsf":{"count":25.0,"mean":2.4570332916,"std":0.7789834963,"min":0.2376033058,"25%":2.1317829457,"50%":2.4180548092,"75%":3.032,"max":4.3050430504},"ppsf":{"count":42.0,"mean":717.3356537806,"std":360.1347832937,"min":397.6311336717,"25%":543.4153963366,"50%":608.8233424369,"75%":724.2821390938,"max":2123.3974358974}}}