{"91008":{"rpsf":{"count":1.0,"mean":1.9663333333,"std":null,"min":1.9663333333,"25%":1.9663333333,"50%":1.9663333333,"75%":1.9663333333,"max":1.9663333333},"ppsf":{"count":4.0,"mean":575.1829658076,"std":114.2889470639,"min":434.8919054801,"25%":508.7573879323,"50%":587.6727331667,"75%":654.098311042,"max":690.4944914169}}}