{"91001":{"rpsf":{"count":11.0,"mean":3.5269153674,"std":1.0866198773,"min":2.2796352584,"25%":2.7122093023,"50%":3.25,"75%":4.2712408313,"max":5.2},"ppsf":{"count":43.0,"mean":743.3291168278,"std":163.7149624696,"min":360.0823045267,"25%":632.8019013393,"50%":728.9204097715,"75%":838.6765674895,"max":1154.0995607613}}}