{"91011":{"rpsf":{"count":18.0,"mean":3.1113156019,"std":1.13296597,"min":2.1396095213,"25%":2.6726457399,"50%":2.821663246,"75%":3.1076388889,"max":7.3170731707},"ppsf":{"count":42.0,"mean":1057.3753470484,"std":871.8427120712,"min":599.8080614203,"25%":783.6756972362,"50%":930.4996955675,"75%":1077.3713517665,"max":6455.0264550265}}}