{"91016":{"rpsf":{"count":36.0,"mean":3.7530768929,"std":0.7293992023,"min":1.935483871,"25%":3.2800099206,"50%":3.7716138329,"75%":4.4579439252,"max":5.1121495327},"ppsf":{"count":44.0,"mean":608.0924611279,"std":197.7021419062,"min":179.0909090909,"25%":477.4915412837,"50%":574.4051451817,"75%":769.9834461294,"max":977.8812572759}}}