{"91010":{"rpsf":{"count":7.0,"mean":2.3548904839,"std":0.3713224267,"min":1.8376068376,"25%":2.1704783963,"50%":2.34375,"75%":2.4809598783,"max":3.0},"ppsf":{"count":44.0,"mean":499.5410491566,"std":147.9937618744,"min":77.2727272727,"25%":440.6947924455,"50%":482.4621871699,"75%":561.509829374,"max":878.7878787879}}}