{"91024":{"rpsf":{"count":6.0,"mean":3.3087737589,"std":2.613933058,"min":0.265,"25%":1.8640354748,"50%":2.5404121858,"75%":4.7124206181,"max":7.4318181818},"ppsf":{"count":44.0,"mean":774.2904789721,"std":191.5137330475,"min":458.8701684836,"25%":625.6662415121,"50%":774.5682561657,"75%":910.1337291381,"max":1292.9936305732}}}