{"91020":{"rpsf":{"count":8.0,"mean":2.8307474783,"std":0.4053555254,"min":2.244536326,"25%":2.5984042553,"50%":2.7957957958,"75%":3.1455094991,"max":3.3333333333},"ppsf":{"count":23.0,"mean":663.7618637638,"std":213.0789292456,"min":217.1552660152,"25%":501.6507494337,"50%":660.2426837973,"75%":832.7371634259,"max":1020.6084396467}}}