{"91030":{"rpsf":{"count":15.0,"mean":3.3666837669,"std":0.6431474764,"min":2.6355642404,"25%":2.841509434,"50%":3.3675,"75%":3.6312307104,"max":4.895},"ppsf":{"count":43.0,"mean":879.7566920343,"std":260.6323464595,"min":392.4133420536,"25%":714.2602537786,"50%":859.6118859915,"75%":1099.2418633449,"max":1570.2274975272}}}