{"91040":{"rpsf":{"count":14.0,"mean":2.8231931544,"std":0.7702459368,"min":1.5750286369,"25%":2.4415535445,"50%":2.7711840629,"75%":3.2230952923,"max":4.1152263374},"ppsf":{"count":42.0,"mean":640.5413216438,"std":173.9275512858,"min":160.0,"25%":547.9948321316,"50%":640.3846153846,"75%":752.8123508675,"max":1022.0125786164}}}