{"91042":{"rpsf":{"count":19.0,"mean":2.9096528183,"std":0.8297890425,"min":1.686746988,"25%":2.3636363636,"50%":2.795,"75%":3.4391891892,"max":4.4171779141},"ppsf":{"count":41.0,"mean":615.1172639045,"std":165.3838648591,"min":306.7484662577,"25%":487.8449408673,"50%":586.2068965517,"75%":762.8865979381,"max":980.8612440191}}}