{"91108":{"rpsf":{"count":12.0,"mean":2.8154332398,"std":1.0869690824,"min":1.1356466877,"25%":2.3331628984,"50%":2.585123965,"75%":3.032195544,"max":5.4990494297},"ppsf":{"count":44.0,"mean":987.5948806933,"std":208.922068564,"min":697.7758395116,"25%":845.9531609483,"50%":946.33059952,"75%":1069.6003446991,"max":1866.8224299065}}}