{"91107":{"rpsf":{"count":41.0,"mean":3.8215374587,"std":1.1776228249,"min":1.9461538462,"25%":2.9090909091,"50%":3.7365591398,"75%":4.6160877514,"max":6.8143100511},"ppsf":{"count":43.0,"mean":714.1435374045,"std":180.4943194896,"min":353.0856616518,"25%":607.1368147981,"50%":664.1310708016,"75%":809.5599906629,"max":1184.4758064516}}}