{"91104":{"rpsf":{"count":14.0,"mean":3.3071988674,"std":0.5796177122,"min":2.4315391879,"25%":3.0808909445,"50%":3.2630187506,"75%":3.3449597788,"max":5.0},"ppsf":{"count":43.0,"mean":795.2939739977,"std":210.4488218039,"min":458.1151832461,"25%":673.1386008723,"50%":749.5839936609,"75%":899.7584541063,"max":1660.15625}}}