{"91105":{"rpsf":{"count":48.0,"mean":3.6604866825,"std":0.6996011495,"min":1.9662921348,"25%":3.3378746594,"50%":3.534417202,"75%":4.185483871,"max":5.0882352941},"ppsf":{"count":43.0,"mean":817.4016141549,"std":203.309034279,"min":479.9528301887,"25%":668.5884265571,"50%":820.0620475698,"75%":948.1471540137,"max":1320.3463203463}}}