{"91103":{"rpsf":{"count":39.0,"mean":4.0184104818,"std":0.8999821038,"min":1.6690856313,"25%":3.6719575022,"50%":4.0114226376,"75%":4.5421797223,"max":6.1079545455},"ppsf":{"count":44.0,"mean":753.6910023578,"std":229.6427259347,"min":364.758698092,"25%":608.1273192065,"50%":747.5840364503,"75%":926.4235200231,"max":1388.5}}}