{"91101":{"rpsf":{"count":45.0,"mean":4.1254695543,"std":0.7849268225,"min":2.4256223437,"25%":3.7285570131,"50%":4.1981845688,"75%":4.416909621,"max":5.7692307692},"ppsf":{"count":43.0,"mean":731.207252976,"std":180.8724149064,"min":332.3796701447,"25%":609.6494714252,"50%":683.9795171909,"75%":868.0952380952,"max":1281.6299704239}}}