{"91106":{"rpsf":{"count":30.0,"mean":3.10658762,"std":0.6499101345,"min":1.9641825534,"25%":2.693138911,"50%":2.9407726143,"75%":3.4249384236,"max":4.6405228758},"ppsf":{"count":44.0,"mean":765.8431906615,"std":234.3869412435,"min":302.0904660249,"25%":612.3731884058,"50%":699.0197018248,"75%":935.2466729399,"max":1300.4975124378}}}