{"91204":{"rpsf":{"count":40.0,"mean":3.788227194,"std":0.6145740418,"min":2.5252525253,"25%":3.3360855238,"50%":3.8626627351,"75%":4.1744549655,"max":5.1442411195},"ppsf":{"count":13.0,"mean":588.7730148829,"std":185.7387822608,"min":367.2566371681,"25%":483.4347532116,"50%":594.4055944056,"75%":622.8497241155,"max":1111.1111111111}}}