{"91206":{"rpsf":{"count":22.0,"mean":3.4886478588,"std":1.2137909788,"min":2.3333333333,"25%":2.7219887955,"50%":3.2980499439,"75%":3.8106461864,"max":7.6125688371},"ppsf":{"count":41.0,"mean":673.0746144531,"std":190.0593099869,"min":382.0190242406,"25%":538.5329619313,"50%":619.3693693694,"75%":741.885625966,"max":1213.474025974}}}