{"91201":{"rpsf":{"count":15.0,"mean":3.8037982525,"std":0.8374710978,"min":2.25,"25%":3.1698370033,"50%":3.9285714286,"75%":4.38125,"max":5.0666666667},"ppsf":{"count":33.0,"mean":668.2388351126,"std":166.822612753,"min":371.5498938429,"25%":534.7018572825,"50%":655.1724137931,"75%":773.7459978655,"max":1052.0}}}