{"91207":{"rpsf":{"count":10.0,"mean":3.7942355656,"std":1.0737805813,"min":2.1220159151,"25%":3.0448087007,"50%":3.7676119137,"75%":4.1963633041,"max":5.5},"ppsf":{"count":34.0,"mean":747.6514196271,"std":193.5768597299,"min":474.7436384352,"25%":606.8234217786,"50%":710.041971334,"75%":853.8818701328,"max":1313.3281371785}}}