{"91205":{"rpsf":{"count":26.0,"mean":3.2155165097,"std":0.7256641014,"min":2.3291666667,"25%":2.7577979188,"50%":2.9777777778,"75%":3.502388535,"max":5.4},"ppsf":{"count":44.0,"mean":636.9866292547,"std":207.0345399571,"min":165.4438210329,"25%":509.4597069597,"50%":579.2804980518,"75%":772.485561679,"max":1118.8271604938}}}