{"91202":{"rpsf":{"count":18.0,"mean":3.0053026637,"std":0.6548659609,"min":2.0300088261,"25%":2.5067689531,"50%":2.9334071034,"75%":3.4984504132,"max":4.1922005571},"ppsf":{"count":44.0,"mean":690.6503324333,"std":142.6054242207,"min":512.8205128205,"25%":577.5924190573,"50%":648.2515627889,"75%":793.1931295851,"max":1022.2432560341}}}