{"91203":{"rpsf":{"count":49.0,"mean":3.8799094829,"std":0.6178932163,"min":2.1041666667,"25%":3.4748134328,"50%":4.0017167382,"75%":4.3450479233,"max":5.0918032787},"ppsf":{"count":25.0,"mean":611.587164006,"std":195.3742925572,"min":317.1726325329,"25%":519.7505197505,"50%":569.2391899288,"75%":624.0822320117,"max":1394.2307692308}}}