{"91208":{"rpsf":{"count":4.0,"mean":2.9548330544,"std":0.3668905243,"min":2.5773195876,"25%":2.6721628989,"50%":2.976888668,"75%":3.2595588235,"max":3.2882352941},"ppsf":{"count":44.0,"mean":758.548399901,"std":211.6543892047,"min":448.1737953438,"25%":611.0893416928,"50%":761.0033968912,"75%":832.25249501,"max":1520.618556701}}}