{"91210":{"rpsf":{"count":8.0,"mean":4.4911623268,"std":0.6583062539,"min":3.0429212044,"25%":4.3965681242,"50%":4.6449731672,"75%":4.9397976468,"max":5.0802139037},"ppsf":{"count":9.0,"mean":917.6306724691,"std":118.3270657035,"min":774.0358500815,"25%":837.8756114605,"50%":873.5150244584,"75%":947.8851963746,"max":1111.8378024853}}}