{"91214":{"rpsf":{"count":18.0,"mean":2.906721811,"std":0.7387868745,"min":1.579950967,"25%":2.4590244481,"50%":2.8385241072,"75%":3.3141515125,"max":4.975},"ppsf":{"count":44.0,"mean":907.1114662808,"std":515.1566309758,"min":439.5604395604,"25%":735.4364662488,"50%":779.7796395174,"75%":888.7095190159,"max":3450.7042253521}}}