{"91306":{"rpsf":{"count":29.0,"mean":2.7912526459,"std":1.356805277,"min":1.1739130435,"25%":2.00152207,"50%":2.6864330638,"75%":3.0044182622,"max":8.9147286822},"ppsf":{"count":44.0,"mean":499.3396676325,"std":103.6180760988,"min":276.7227346717,"25%":432.3176466636,"50%":504.4449217515,"75%":545.9741822558,"max":839.0022675737}}}