{"91307":{"rpsf":{"count":33.0,"mean":3.2274492258,"std":1.3020288804,"min":1.6397435897,"25%":2.4019607843,"50%":2.8577302632,"75%":3.45,"max":7.4829931973},"ppsf":{"count":44.0,"mean":559.6633664392,"std":104.0883275865,"min":353.2841041586,"25%":477.5532639646,"50%":573.8652951782,"75%":640.6194885808,"max":749.2863939106}}}