{"91301":{"rpsf":{"count":47.0,"mean":3.2313935933,"std":1.0052714359,"min":0.5717255717,"25%":2.6420494206,"50%":3.1282586027,"75%":3.7718894009,"max":6.0},"ppsf":{"count":42.0,"mean":592.9755591767,"std":126.5989742543,"min":409.6283783784,"25%":497.1502839555,"50%":548.8361446731,"75%":652.9545552383,"max":904.8507462687}}}