{"91304":{"rpsf":{"count":34.0,"mean":2.9173390619,"std":0.8436119974,"min":1.6451081844,"25%":2.3952727273,"50%":2.7299434437,"75%":3.265554287,"max":5.2715654952},"ppsf":{"count":43.0,"mean":460.3565084415,"std":135.0872441028,"min":63.1246712257,"25%":424.8317003266,"50%":486.1878453039,"75%":538.2965740151,"max":645.7925636008}}}