{"91302":{"rpsf":{"count":49.0,"mean":3.4512819726,"std":1.0979912146,"min":2.2544898739,"25%":2.7514231499,"50%":3.2471106219,"75%":3.6428571429,"max":7.6136610833},"ppsf":{"count":42.0,"mean":690.4451577762,"std":203.4273026825,"min":141.7410714286,"25%":590.1019633366,"50%":664.325263327,"75%":804.2993415486,"max":1198.7625676721}}}