{"91303":{"rpsf":{"count":49.0,"mean":3.1386705632,"std":0.3686675208,"min":2.0778508772,"25%":2.9428830462,"50%":3.1151178918,"75%":3.4362519201,"max":3.7281105991},"ppsf":{"count":37.0,"mean":518.8890410215,"std":101.2985780655,"min":323.5908141962,"25%":477.0727188513,"50%":514.7426286857,"75%":559.9078341014,"max":751.0729613734}}}