{"91311":{"rpsf":{"count":44.0,"mean":2.8253440098,"std":0.6501753134,"min":1.7771806532,"25%":2.5285365305,"50%":2.7887179487,"75%":3.0916005291,"max":5.5317383488},"ppsf":{"count":43.0,"mean":440.9353041458,"std":122.9212271559,"min":90.2777777778,"25%":398.2200647249,"50%":451.5979620195,"75%":518.7538403547,"max":696.4809384164}}}