{"91316":{"rpsf":{"count":42.0,"mean":3.0392632064,"std":1.8171995318,"min":1.5654952077,"25%":2.4901897283,"50%":2.6228776172,"75%":3.0446588939,"max":13.747594171},"ppsf":{"count":44.0,"mean":576.2146366046,"std":199.5928273692,"min":313.1313131313,"25%":419.5926966292,"50%":541.412289112,"75%":684.0439964787,"max":1009.6735187424}}}