{"91316":{"rpsf":{"count":41.0,"mean":3.1267458415,"std":0.8084293393,"min":2.1453590193,"25%":2.4888178914,"50%":3.0885780886,"75%":3.494140625,"max":5.8939096267},"ppsf":{"count":44.0,"mean":628.2733856035,"std":223.2992028651,"min":296.2121212121,"25%":454.7238329526,"50%":578.9806358837,"75%":756.3376483279,"max":1092.8143712575}}}