{"91316":{"rpsf":{"count":42.0,"mean":3.10401435,"std":1.8429392854,"min":1.5654952077,"25%":2.4901897283,"50%":2.6276311123,"75%":3.1917807496,"max":13.747594171},"ppsf":{"count":44.0,"mean":572.2157202579,"std":192.5427964892,"min":313.1313131313,"25%":419.5926966292,"50%":541.412289112,"75%":684.0439964787,"max":1009.6735187424}}}