{"91324":{"rpsf":{"count":49.0,"mean":3.2653186299,"std":0.6833504873,"min":1.822457378,"25%":2.8096885813,"50%":3.2228915663,"75%":3.6818181818,"max":4.5178826896},"ppsf":{"count":44.0,"mean":465.9829567444,"std":85.269060357,"min":176.0,"25%":431.3025927083,"50%":474.3330181559,"75%":525.9742975883,"max":613.1207847946}}}