{"91326":{"rpsf":{"count":49.0,"mean":2.9379940132,"std":0.7293852349,"min":1.7286366601,"25%":2.35,"50%":2.8474697078,"75%":3.4306292646,"max":4.5},"ppsf":{"count":44.0,"mean":507.4357519192,"std":76.2472482255,"min":349.2970946579,"25%":463.6961124427,"50%":493.1544894888,"75%":555.9077787778,"max":692.4198250729}}}