{"91325":{"rpsf":{"count":44.0,"mean":3.3953667118,"std":1.2793714692,"min":0.973209404,"25%":2.3975409836,"50%":2.8831417625,"75%":4.71484375,"max":5.8159722222},"ppsf":{"count":44.0,"mean":505.8921585235,"std":97.8264696669,"min":296.442687747,"25%":428.3794162826,"50%":487.6447384778,"75%":561.1340700842,"max":702.6789635485}}}