{"91321":{"rpsf":{"count":14.0,"mean":2.6983006841,"std":0.6228032025,"min":1.8769096464,"25%":2.2678513072,"50%":2.5708251925,"75%":2.8301565895,"max":4.0776699029},"ppsf":{"count":43.0,"mean":432.6173542339,"std":94.1222259691,"min":312.0464441219,"25%":366.0049627792,"50%":405.0925925926,"75%":496.8913374018,"max":669.2160611855}}}