{"91335":{"rpsf":{"count":43.0,"mean":3.0382038805,"std":0.8113069027,"min":1.660325147,"25%":2.5,"50%":2.6438356164,"75%":3.5478644465,"max":4.6315789474},"ppsf":{"count":44.0,"mean":525.1701119038,"std":131.3600254008,"min":255.0432276657,"25%":430.9283489883,"50%":523.0222959978,"75%":613.9459767037,"max":860.9693877551}}}