{"91331":{"rpsf":{"count":9.0,"mean":2.948031593,"std":1.2685495012,"min":1.6923701299,"25%":2.0629370629,"50%":2.5187202178,"75%":3.6855036855,"max":5.3191489362},"ppsf":{"count":44.0,"mean":502.6714505827,"std":139.4102061176,"min":234.0909090909,"25%":400.2639114385,"50%":501.0519967837,"75%":559.6778042959,"max":966.3865546218}}}