{"91340":{"rpsf":{"count":9.0,"mean":3.0285488842,"std":0.9597984792,"min":1.9754170325,"25%":2.4349804941,"50%":2.5888324873,"75%":3.4875,"max":4.8647186147},"ppsf":{"count":44.0,"mean":517.9219495101,"std":117.9391946891,"min":208.2494969819,"25%":446.2921182565,"50%":534.0116589231,"75%":611.335011527,"max":714.2857142857}}}