{"91342":{"rpsf":{"count":28.0,"mean":2.6569306481,"std":0.7120959036,"min":1.5261044177,"25%":2.2847908745,"50%":2.6033591774,"75%":2.7259803922,"max":5.0},"ppsf":{"count":42.0,"mean":476.3322370754,"std":135.3194804596,"min":164.8148148148,"25%":380.7191796103,"50%":467.2241268167,"75%":545.4685284422,"max":750.0}}}