{"91343":{"rpsf":{"count":22.0,"mean":2.5686720426,"std":0.6703150337,"min":1.5970891019,"25%":2.1495132743,"50%":2.4928571429,"75%":2.7719263381,"max":5.0},"ppsf":{"count":44.0,"mean":530.5991176912,"std":118.3522048039,"min":279.7893350889,"25%":470.0758106719,"50%":520.7433188298,"75%":562.9216269841,"max":995.8071278826}}}