{"91345":{"rpsf":{"count":6.0,"mean":2.9144393433,"std":0.8847094999,"min":1.8683274021,"25%":2.2151835224,"50%":2.8592889484,"75%":3.7106178396,"max":3.9048549107},"ppsf":{"count":37.0,"mean":468.866638168,"std":139.872072611,"min":145.6101190476,"25%":383.2304526749,"50%":492.0977011494,"75%":557.6208178439,"max":679.2114695341}}}