{"91344":{"rpsf":{"count":23.0,"mean":2.7851596145,"std":0.5825603992,"min":2.1472392638,"25%":2.3569122056,"50%":2.7096774194,"75%":2.8970462935,"max":4.1346153846},"ppsf":{"count":44.0,"mean":573.6357652846,"std":115.8727635042,"min":381.1944091487,"25%":495.4677644901,"50%":559.9391475021,"75%":611.0115499965,"max":987.2159090909}}}