{"91352":{"rpsf":{"count":13.0,"mean":3.160337379,"std":1.0328734559,"min":2.1063189569,"25%":2.4923076923,"50%":2.9017857143,"75%":3.5,"max":6.0869565217},"ppsf":{"count":43.0,"mean":529.2286267004,"std":182.0410913117,"min":75.0,"25%":420.1067210451,"50%":525.0596658711,"75%":635.0300968885,"max":1133.5282651072}}}