{"91354":{"rpsf":{"count":23.0,"mean":2.3612732309,"std":1.3137019102,"min":1.4832793959,"25%":1.7314189394,"50%":2.1649484536,"75%":2.3891200876,"max":8.0496249279},"ppsf":{"count":44.0,"mean":447.8580869187,"std":95.9111297428,"min":317.2588832487,"25%":383.1917537729,"50%":438.2786885246,"75%":502.0634668244,"max":779.0224032587}}}