{"91350":{"rpsf":{"count":21.0,"mean":2.7370453134,"std":1.6735002768,"min":1.4618902439,"25%":2.0841263799,"50%":2.3598820059,"75%":2.8415559772,"max":9.8377997179},"ppsf":{"count":43.0,"mean":415.4888531339,"std":86.2995470326,"min":297.2465581977,"25%":352.8425070309,"50%":388.8888888889,"75%":458.6946583094,"max":647.8405315615}}}