{"91351":{"rpsf":{"count":7.0,"mean":2.4770450293,"std":0.6288151692,"min":1.6447368421,"25%":2.1281261092,"50%":2.5653923541,"75%":2.6922808487,"max":3.488372093},"ppsf":{"count":40.0,"mean":419.1182113027,"std":130.5829719521,"min":113.6363636364,"25%":377.668842859,"50%":449.728842586,"75%":498.7534897804,"max":611.3902847571}}}