{"91355":{"rpsf":{"count":21.0,"mean":3.0302349399,"std":1.2409565696,"min":1.726618705,"25%":2.380952381,"50%":2.7433628319,"75%":3.2467532468,"max":7.46875},"ppsf":{"count":44.0,"mean":490.2983864008,"std":88.3438040572,"min":310.8415466262,"25%":444.0241367949,"50%":508.1223427882,"75%":537.7515017761,"max":758.1018518519}}}