{"91356":{"rpsf":{"count":40.0,"mean":3.5572138017,"std":1.3108455844,"min":1.9736842105,"25%":2.7387250077,"50%":2.9180837414,"75%":4.2933730274,"max":6.976744186},"ppsf":{"count":43.0,"mean":575.2533566222,"std":158.0396962486,"min":322.8825456247,"25%":460.1200253676,"50%":538.6740331492,"75%":720.0785209926,"max":940.6494960806}}}