{"91362":{"rpsf":{"count":42.0,"mean":2.7372251989,"std":0.8016545573,"min":1.6919486581,"25%":2.2495420332,"50%":2.5564141006,"75%":3.0260593003,"max":5.2442313455},"ppsf":{"count":44.0,"mean":581.5789380611,"std":116.0908024687,"min":398.244473342,"25%":484.8073513876,"50%":564.6801779716,"75%":653.4096137636,"max":838.0824673148}}}