{"91364":{"rpsf":{"count":48.0,"mean":3.0407764156,"std":0.8409730051,"min":1.2983571807,"25%":2.4746925657,"50%":2.8900515731,"75%":3.5058446063,"max":5.5700447094},"ppsf":{"count":42.0,"mean":615.5306334421,"std":192.831197366,"min":158.3333333333,"25%":485.4978751465,"50%":586.3018426776,"75%":786.3881166244,"max":1012.8805620609}}}