{"91367":{"rpsf":{"count":48.0,"mean":3.3222880842,"std":0.7802961024,"min":1.0421286031,"25%":2.8542521459,"50%":3.2918731362,"75%":3.7555236729,"max":5.4545454545},"ppsf":{"count":43.0,"mean":576.930624718,"std":118.3264839345,"min":394.8037277605,"25%":484.5330632469,"50%":558.3224115334,"75%":650.4559972548,"max":850.0}}}