{"91361":{"rpsf":{"count":40.0,"mean":3.39287154,"std":0.8994198783,"min":2.0161290323,"25%":2.8911921033,"50%":3.2503891598,"75%":3.6629165739,"max":6.0587700697},"ppsf":{"count":43.0,"mean":698.4595105184,"std":205.6548179035,"min":400.0,"25%":560.5072463768,"50%":646.96485623,"75%":832.1635733869,"max":1255.7959814529}}}