{"91387":{"rpsf":{"count":11.0,"mean":2.3343357036,"std":1.0766551687,"min":1.3745271122,"25%":1.6349742427,"50%":2.1572387344,"75%":2.4940925357,"max":5.2873008209},"ppsf":{"count":44.0,"mean":385.4804161372,"std":102.8193215006,"min":115.3846153846,"25%":340.8342504262,"50%":370.7297230873,"75%":442.5441489764,"max":627.1626297578}}}