{"91381":{"rpsf":{"count":20.0,"mean":2.7321662347,"std":1.5482574701,"min":1.6468878663,"25%":2.1508479701,"50%":2.2896886354,"75%":2.5282754932,"max":8.7803085966},"ppsf":{"count":44.0,"mean":431.8346704307,"std":68.1065769275,"min":314.9535216303,"25%":395.8375350043,"50%":421.0514495485,"75%":453.9730838789,"max":607.7606358111}}}