{"91384":{"rpsf":{"count":4.0,"mean":2.5027901599,"std":0.5576900171,"min":1.953125,"25%":2.1591914982,"50%":2.4073961982,"75%":2.7509948599,"max":3.2432432432},"ppsf":{"count":35.0,"mean":344.7198982196,"std":96.4948034496,"min":133.6805555556,"25%":285.1175334578,"50%":354.5918367347,"75%":408.6683543884,"max":476.1904761905}}}