{"91390":{"rpsf":{"count":7.0,"mean":2.6534766454,"std":1.3298201625,"min":1.3338414634,"25%":1.7614127061,"50%":2.4,"75%":3.0235572383,"max":5.2705551651},"ppsf":{"count":39.0,"mean":407.9461456411,"std":135.3897870581,"min":131.9444444444,"25%":322.9210595904,"50%":394.4174757282,"75%":486.0868439785,"max":685.0961538462}}}