{"91401":{"rpsf":{"count":32.0,"mean":3.3080972962,"std":0.9414120151,"min":1.8619084562,"25%":2.6018668831,"50%":3.0782288274,"75%":3.8595840284,"max":5.8333333333},"ppsf":{"count":44.0,"mean":643.4161824433,"std":190.0435354082,"min":240.3276131045,"25%":506.0560171341,"50%":614.9841280373,"75%":740.7381777899,"max":1178.5714285714}}}