{"91405":{"rpsf":{"count":43.0,"mean":2.8054771799,"std":0.3825967955,"min":1.8497942387,"25%":2.4880368215,"50%":2.8857142857,"75%":3.0986965622,"max":3.3462033462},"ppsf":{"count":44.0,"mean":487.7031988311,"std":112.585542116,"min":162.5,"25%":424.8540903264,"50%":474.0316901408,"75%":538.4507763384,"max":723.9057239057}}}