{"91402":{"rpsf":{"count":20.0,"mean":2.7614851631,"std":0.5567296049,"min":1.5726315789,"25%":2.4894097222,"50%":2.6631205674,"75%":3.0247277847,"max":3.7932525952},"ppsf":{"count":44.0,"mean":481.3080538973,"std":138.2446394828,"min":210.5530187722,"25%":391.6607867904,"50%":446.2326719943,"75%":541.7968209492,"max":949.3670886076}}}