{"91406":{"rpsf":{"count":38.0,"mean":2.801370668,"std":0.5968629877,"min":1.5069967707,"25%":2.4235285863,"50%":2.6111967156,"75%":3.1544177431,"max":4.1666666667},"ppsf":{"count":43.0,"mean":512.77202799,"std":113.1778442506,"min":332.5643983083,"25%":441.5097073312,"50%":496.3579604579,"75%":569.2500900142,"max":890.8406524467}}}