{"91403":{"rpsf":{"count":35.0,"mean":3.8226953748,"std":1.0776334854,"min":1.1299435028,"25%":3.0823441019,"50%":3.7561067268,"75%":4.416059431,"max":5.829015544},"ppsf":{"count":43.0,"mean":755.3768700829,"std":223.5224901206,"min":418.0699105795,"25%":550.1721166496,"50%":702.8985507246,"75%":960.233029382,"max":1225.0108178278}}}