{"91411":{"rpsf":{"count":29.0,"mean":3.5482632409,"std":1.2478964321,"min":2.1538461538,"25%":2.625,"50%":3.184134337,"75%":4.16,"max":7.5},"ppsf":{"count":44.0,"mean":645.2204486568,"std":175.0288050642,"min":359.4202898551,"25%":466.2786224811,"50%":656.2626653864,"75%":770.9289476286,"max":1076.3636363636}}}