{"91423":{"rpsf":{"count":39.0,"mean":3.6711920268,"std":1.1295942024,"min":2.0228671944,"25%":3.1266267905,"50%":3.5752688172,"75%":3.6963307241,"max":8.5592011412},"ppsf":{"count":43.0,"mean":770.5112858154,"std":198.9127993254,"min":473.1638418079,"25%":587.8998968008,"50%":790.9429280397,"75%":889.3433682373,"max":1224.0783410138}}}