{"91436":{"rpsf":{"count":47.0,"mean":4.4507993992,"std":5.4307596236,"min":2.2818546915,"25%":3.0148779001,"50%":3.4576067348,"75%":4.6310176052,"max":40.3885480573},"ppsf":{"count":43.0,"mean":751.2227722822,"std":173.1660385255,"min":489.34945308,"25%":640.8077815695,"50%":727.8341420379,"75%":865.3140910309,"max":1246.0063897764}}}