{"91506":{"rpsf":{"count":23.0,"mean":4.6079750647,"std":1.4079250299,"min":2.1145610278,"25%":3.9806866953,"50%":4.4420600858,"75%":5.7779578606,"max":6.6309012876},"ppsf":{"count":44.0,"mean":740.8112075114,"std":187.9877607992,"min":455.6574923547,"25%":602.2833333333,"50%":726.7554792968,"75%":802.4706488974,"max":1252.3452157598}}}