{"91504":{"rpsf":{"count":29.0,"mean":3.2636904937,"std":1.2174202646,"min":1.0454545455,"25%":2.6262626263,"50%":3.3895027624,"75%":4.1593554163,"max":7.3133179369},"ppsf":{"count":43.0,"mean":720.6988007569,"std":175.5859272266,"min":463.9175257732,"25%":566.8315976971,"50%":696.6897613549,"75%":845.4889327872,"max":1034.0993328391}}}