{"91501":{"rpsf":{"count":21.0,"mean":3.172875958,"std":1.1977400818,"min":1.8888289261,"25%":2.7708333333,"50%":2.95,"75%":3.1502423263,"max":7.9431818182},"ppsf":{"count":43.0,"mean":685.7241274196,"std":188.1031065574,"min":316.3243006993,"25%":586.6712752602,"50%":651.7328825021,"75%":740.0032657208,"max":1416.1849710983}}}