{"91505":{"rpsf":{"count":47.0,"mean":4.1197421942,"std":1.1488534349,"min":2.7113333333,"25%":3.3155178155,"50%":4.0103703704,"75%":4.9197916667,"max":9.125},"ppsf":{"count":44.0,"mean":781.2976394986,"std":181.498057825,"min":471.9794344473,"25%":619.714295153,"50%":749.1470790468,"75%":896.6427807322,"max":1143.5239206534}}}