{"91502":{"rpsf":{"count":6.0,"mean":4.3690268065,"std":1.08158267,"min":3.1772727273,"25%":3.3517045455,"50%":4.5759615385,"75%":5.3230769231,"max":5.3692307692},"ppsf":{"count":22.0,"mean":632.8843165792,"std":215.9659627564,"min":376.1661149564,"25%":453.3045977011,"50%":568.7430058872,"75%":747.0863217213,"max":1153.3290653009}}}