{"91606":{"rpsf":{"count":34.0,"mean":3.3740471335,"std":0.7163821447,"min":2.0833333333,"25%":2.8678385417,"50%":3.4316216216,"75%":3.6597465035,"max":4.9904397706},"ppsf":{"count":43.0,"mean":577.0296993682,"std":147.2214863818,"min":38.8802488336,"25%":516.8502450209,"50%":589.2255892256,"75%":665.7571591999,"max":810.5769230769}}}