{"91607":{"rpsf":{"count":30.0,"mean":3.4853437852,"std":1.2634694077,"min":1.895,"25%":2.7150979485,"50%":3.0477443609,"75%":3.8076790634,"max":6.9455618128},"ppsf":{"count":44.0,"mean":713.9113337377,"std":220.7099039274,"min":330.1630434783,"25%":522.4677475593,"50%":668.2693095258,"75%":905.3103742592,"max":1298.7012987013}}}