{"91601":{"rpsf":{"count":43.0,"mean":4.1807783227,"std":1.9284637431,"min":2.4265536723,"25%":3.2560775541,"50%":3.6448942042,"75%":4.2095633369,"max":12.5806451613},"ppsf":{"count":44.0,"mean":699.825486684,"std":402.4298575527,"min":258.424643374,"25%":533.6746034344,"50%":631.2626196858,"75%":694.9084970664,"max":3071.5811965812}}}