{"91602":{"rpsf":{"count":35.0,"mean":3.2619579962,"std":0.7727609075,"min":2.284082798,"25%":2.8192139738,"50%":3.0710172745,"75%":3.5050839889,"max":6.3559322034},"ppsf":{"count":44.0,"mean":649.391284463,"std":155.9126843457,"min":425.6854256854,"25%":531.1710140532,"50%":627.3398310884,"75%":763.822220156,"max":1091.9017288444}}}