{"91604":{"rpsf":{"count":39.0,"mean":3.6235072179,"std":0.7291894162,"min":2.4752202643,"25%":3.2125444169,"50%":3.5,"75%":3.841676728,"max":5.7692307692},"ppsf":{"count":43.0,"mean":800.9402655791,"std":213.8621092628,"min":497.3684210526,"25%":629.7197253433,"50%":767.414403778,"75%":936.6660217604,"max":1321.013803681}}}