{"91605":{"rpsf":{"count":24.0,"mean":2.9429670779,"std":1.0465043436,"min":1.8858490566,"25%":2.3375388295,"50%":2.7981922833,"75%":3.0113636364,"max":6.432038835},"ppsf":{"count":44.0,"mean":548.4880711168,"std":152.2766706413,"min":263.0395683453,"25%":450.2270820492,"50%":525.4818594104,"75%":651.1231831177,"max":891.4053426249}}}