{"91709":{"rpsf":{"count":35.0,"mean":2.2253193325,"std":1.248945169,"min":1.4013050571,"25%":1.6863775734,"50%":1.8807092961,"75%":2.2199135878,"max":8.6363636364},"ppsf":{"count":44.0,"mean":452.9607238977,"std":103.7248158812,"min":72.5,"25%":413.0290897235,"50%":465.3982865078,"75%":518.0508071967,"max":613.2542037587}}}