{"91706":{"rpsf":{"count":13.0,"mean":2.5081924201,"std":0.6515840083,"min":1.6458333333,"25%":1.8528610354,"50%":2.7044854881,"75%":3.0,"max":3.59},"ppsf":{"count":43.0,"mean":500.5482964827,"std":153.9248387456,"min":93.75,"25%":440.8268952225,"50%":504.9088359046,"75%":595.4907161804,"max":828.9703315881}}}