{"91702":{"rpsf":{"count":20.0,"mean":2.439984269,"std":0.5353098257,"min":1.5461465271,"25%":2.0343273232,"50%":2.5175645116,"75%":2.7795063481,"max":3.8333333333},"ppsf":{"count":42.0,"mean":466.1290919469,"std":117.4804392576,"min":118.75,"25%":403.3360071687,"50%":462.5617818859,"75%":541.6011919628,"max":698.4126984127}}}