{"91711":{"rpsf":{"count":29.0,"mean":2.3395565662,"std":0.7805562647,"min":1.5341701534,"25%":2.0281233099,"50%":2.1065675341,"75%":2.3823884198,"max":5.8333333333},"ppsf":{"count":44.0,"mean":514.5625330089,"std":92.6678449205,"min":395.4485453756,"25%":440.2957488214,"50%":494.8298253085,"75%":574.0917736567,"max":811.0014104372}}}