{"91723":{"rpsf":{"count":2.0,"mean":3.0320069089,"std":0.0780082483,"min":2.9768467475,"25%":3.0044268282,"50%":3.0320069089,"75%":3.0595869895,"max":3.0871670702},"ppsf":{"count":40.0,"mean":466.7968845881,"std":104.821211416,"min":265.894587568,"25%":389.8485017436,"50%":461.2888619677,"75%":527.8923288402,"max":710.0591715976}}}