{"91722":{"rpsf":{"count":3.0,"mean":2.2711380942,"std":0.2538252022,"min":2.0103388857,"25%":2.1480265857,"50%":2.2857142857,"75%":2.4015376984,"max":2.5173611111},"ppsf":{"count":44.0,"mean":542.8959400439,"std":116.055689198,"min":185.093780849,"25%":469.856015799,"50%":574.0535695455,"75%":616.25,"max":733.1223628692}}}