{"91724":{"rpsf":{"count":6.0,"mean":2.3764113742,"std":0.4214006858,"min":1.75,"25%":2.0813366119,"50%":2.5789551358,"75%":2.6953511468,"max":2.7009443861},"ppsf":{"count":44.0,"mean":443.1474514602,"std":108.8944729688,"min":145.4545454545,"25%":392.9661216781,"50%":438.7547093649,"75%":540.2347113412,"max":621.3753106877}}}