{"91732":{"rpsf":{"count":11.0,"mean":1.964247882,"std":0.5703572642,"min":0.4284949116,"25%":1.8950432236,"50%":2.1705426357,"75%":2.2332491582,"max":2.4988641527},"ppsf":{"count":42.0,"mean":437.2020834061,"std":130.5872852078,"min":50.6329113924,"25%":396.9489978513,"50%":439.4818721182,"75%":495.0061876683,"max":827.4231678487}}}