{"91733":{"rpsf":{"count":5.0,"mean":2.8182562429,"std":0.9272808774,"min":1.8571428571,"25%":2.1762785637,"50%":2.4408848207,"75%":3.8084874864,"max":3.8084874864},"ppsf":{"count":41.0,"mean":509.5658861743,"std":220.155131938,"min":275.4654983571,"25%":395.5606146841,"50%":463.5352286774,"75%":569.9020480855,"max":1682.6923076923}}}