{"91731":{"rpsf":{"count":16.0,"mean":3.5973998322,"std":0.810072112,"min":1.8181818182,"25%":3.3933682105,"50%":3.7736535662,"75%":4.0459981322,"max":4.5940594059},"ppsf":{"count":25.0,"mean":514.526122737,"std":194.894523843,"min":70.6845238095,"25%":438.167115903,"50%":515.3473344103,"75%":660.7495069034,"max":845.5882352941}}}