{"91746":{"rpsf":{"count":2.0,"mean":2.7873464626,"std":0.4095231753,"min":2.4977698483,"25%":2.6425581555,"50%":2.7873464626,"75%":2.9321347698,"max":3.0769230769},"ppsf":{"count":44.0,"mean":528.5336579375,"std":155.210383315,"min":276.3636363636,"25%":426.6776116387,"50%":531.3615535035,"75%":587.1487751185,"max":1179.4871794872}}}