{"91744":{"rpsf":{"count":9.0,"mean":2.3170175588,"std":0.4905522759,"min":1.6033755274,"25%":1.9014447884,"50%":2.3255813953,"75%":2.5277777778,"max":3.25},"ppsf":{"count":43.0,"mean":479.4946650474,"std":152.8855440924,"min":126.7056530214,"25%":383.6956521739,"50%":495.5621301775,"75%":608.6027499071,"max":725.4464285714}}}