{"91740":{"rpsf":{"count":11.0,"mean":3.0150573658,"std":0.99706413,"min":1.1650485437,"25%":2.1280316518,"50%":3.3011681056,"75%":3.7567204301,"max":4.2857142857},"ppsf":{"count":41.0,"mean":507.2624491378,"std":155.4468662794,"min":107.1428571429,"25%":447.1544715447,"50%":532.1861057999,"75%":629.191321499,"max":715.2777777778}}}