{"91741":{"rpsf":{"count":11.0,"mean":2.4963831383,"std":0.5732372922,"min":1.875,"25%":1.9770253796,"50%":2.2497187852,"75%":3.0036907537,"max":3.3834586466},"ppsf":{"count":42.0,"mean":482.7811802758,"std":145.4272900801,"min":52.2678185745,"25%":425.9504905111,"50%":472.9429342053,"75%":583.6047601298,"max":750.0}}}