{"91745":{"rpsf":{"count":18.0,"mean":2.5938287376,"std":0.8013432536,"min":1.3142174432,"25%":2.4171705588,"50%":2.533939081,"75%":2.6673509101,"max":5.25},"ppsf":{"count":44.0,"mean":460.0192693227,"std":128.0491073745,"min":101.1904761905,"25%":428.1536938639,"50%":476.8180596162,"75%":532.6892934003,"max":725.0}}}