{"91748":{"rpsf":{"count":17.0,"mean":2.4896163238,"std":0.7082961591,"min":1.4777448071,"25%":2.075,"50%":2.6611111111,"75%":2.7205882353,"max":4.2694497154},"ppsf":{"count":44.0,"mean":447.9874971863,"std":172.3012813473,"min":107.6388888889,"25%":413.3738473163,"50%":465.9498681087,"75%":563.6727928279,"max":717.9487179487}}}