{"91759":{"rpsf":{"count":0,"unique":0,"top":null,"freq":null,"mean":null,"std":null,"min":null,"25%":null,"50%":null,"75%":null,"max":null},"ppsf":{"count":4.0,"unique":null,"top":null,"freq":null,"mean":332.1354065829,"std":169.2062087832,"min":131.5789473684,"25%":222.4780701754,"50%":357.4885452463,"75%":467.1458816538,"max":481.9855884708}}}