{"91750":{"rpsf":{"count":12.0,"mean":2.5433545143,"std":0.6080020837,"min":1.5037593985,"25%":2.0926690902,"50%":2.7130466458,"75%":2.8733981631,"max":3.6153846154},"ppsf":{"count":42.0,"mean":408.9802992789,"std":161.223842473,"min":82.6388888889,"25%":359.378273294,"50%":476.190648781,"75%":509.0914958283,"max":653.5685645549}}}