{"91754":{"rpsf":{"count":9.0,"mean":2.0735015909,"std":0.7971149837,"min":0.3367651304,"25%":1.8233618234,"50%":2.3134328358,"75%":2.5594149909,"max":3.1017369727},"ppsf":{"count":44.0,"mean":581.5638623254,"std":134.7378357495,"min":381.5789473684,"25%":470.6839290774,"50%":564.7377915589,"75%":681.6653077864,"max":896.1038961039}}}