{"91755":{"rpsf":{"count":6.0,"mean":3.7511487467,"std":2.1348058976,"min":2.1344717182,"25%":2.2574301085,"50%":2.586420465,"75%":5.3997507123,"max":6.7142857143},"ppsf":{"count":44.0,"mean":591.9430458895,"std":123.8704808248,"min":325.4682558988,"25%":507.1968456794,"50%":580.4553024247,"75%":684.6238742305,"max":857.4490889603}}}