{"91766":{"rpsf":{"count":40.0,"mean":2.6266175723,"std":0.5714080641,"min":1.5234375,"25%":2.1484016046,"50%":2.7425595238,"75%":3.1440999035,"max":3.4274193548},"ppsf":{"count":43.0,"mean":419.5966365553,"std":142.2143420614,"min":28.8850375505,"25%":370.5255602371,"50%":419.5323246217,"75%":489.2902827415,"max":743.1340872375}}}