{"91765":{"rpsf":{"count":32.0,"mean":2.3622564713,"std":0.9345489912,"min":1.4650283554,"25%":1.8476380151,"50%":2.1663030795,"75%":2.4113220539,"max":6.191369606},"ppsf":{"count":44.0,"mean":523.0793145713,"std":96.9670896592,"min":342.0074349442,"25%":457.5354716484,"50%":533.9182861024,"75%":582.552883088,"max":776.9841269841}}}