{"91768":{"rpsf":{"count":5.0,"mean":3.3205726543,"std":1.2658225801,"min":2.0833333333,"25%":2.6286966046,"50%":2.695,"75%":3.9875,"max":5.2083333333},"ppsf":{"count":40.0,"mean":411.2816037348,"std":144.539483305,"min":135.4166666667,"25%":350.1978897468,"50%":423.1304018726,"75%":500.612745098,"max":772.0588235294}}}