{"91767":{"rpsf":{"count":31.0,"mean":2.5401352096,"std":0.5829669576,"min":1.27780407,"25%":2.0135135135,"50%":2.6406926407,"75%":2.9999894898,"max":3.3991825613},"ppsf":{"count":44.0,"mean":436.9795355127,"std":108.023141589,"min":53.4722222222,"25%":389.8586184267,"50%":429.4641903338,"75%":507.3286931818,"max":614.0350877193}}}