{"91773":{"rpsf":{"count":10.0,"mean":2.3457602684,"std":0.5034597722,"min":1.7661388551,"25%":2.0006067961,"50%":2.3066666667,"75%":2.513532738,"max":3.296398892},"ppsf":{"count":42.0,"mean":626.370939295,"std":813.8481506278,"min":102.7777777778,"25%":426.6686774488,"50%":502.1929824561,"75%":563.5870113705,"max":5621.7867975022}}}