{"91770":{"rpsf":{"count":8.0,"mean":2.5640503476,"std":0.6567718776,"min":1.7510548523,"25%":2.3268912379,"50%":2.4807692308,"75%":2.5969998613,"max":4.0},"ppsf":{"count":44.0,"mean":581.2671341273,"std":188.8150410053,"min":57.0,"25%":484.0707128002,"50%":550.5050505051,"75%":660.7011172387,"max":1223.8325281804}}}