{"91776":{"rpsf":{"count":16.0,"mean":2.6242018274,"std":0.6577856031,"min":1.9326339039,"25%":2.1973410576,"50%":2.4406654832,"75%":2.8561442458,"max":4.5},"ppsf":{"count":44.0,"mean":586.4114807792,"std":130.3044000741,"min":333.660451423,"25%":502.6978417266,"50%":553.7307754883,"75%":660.1684515841,"max":852.9741863075}}}