{"91775":{"rpsf":{"count":6.0,"mean":2.1973477048,"std":0.5346347432,"min":1.5238095238,"25%":1.9099865772,"50%":2.1835907606,"75%":2.3266301908,"max":3.1},"ppsf":{"count":44.0,"mean":653.1108285671,"std":128.0692793844,"min":445.5164585698,"25%":558.415574569,"50%":646.3832360023,"75%":713.8112279132,"max":925.1810136766}}}