{"91789":{"rpsf":{"count":18.0,"mean":2.2398992734,"std":0.7638505278,"min":0.2260583642,"25%":1.8448618339,"50%":2.2342404216,"75%":2.5517763793,"max":3.4482758621},"ppsf":{"count":44.0,"mean":509.4093049883,"std":159.007046396,"min":94.2307692308,"25%":470.1460751987,"50%":538.6236620252,"75%":609.7116854032,"max":850.4098360656}}}