{"91780":{"rpsf":{"count":16.0,"mean":2.7840866924,"std":0.9711476746,"min":1.5319800843,"25%":2.20625,"50%":2.7000390718,"75%":2.9215813734,"max":4.9875},"ppsf":{"count":44.0,"mean":658.4731200568,"std":150.8968452553,"min":276.9070010449,"25%":569.9846333192,"50%":631.2230073435,"75%":751.1396129419,"max":1112.1764141898}}}