{"91790":{"rpsf":{"count":1.0,"mean":2.0089285714,"std":null,"min":2.0089285714,"25%":2.0089285714,"50%":2.0089285714,"75%":2.0089285714,"max":2.0089285714},"ppsf":{"count":43.0,"mean":520.6025799327,"std":123.7182174409,"min":93.0555555556,"25%":453.1835618894,"50%":535.1106879314,"75%":617.8378483316,"max":685.1851851852}}}