{"91792":{"rpsf":{"count":22.0,"mean":2.6800178403,"std":0.5853957565,"min":1.4216236438,"25%":2.4784924654,"50%":2.7183098592,"75%":2.963874798,"max":3.8083333333},"ppsf":{"count":44.0,"mean":467.4803707665,"std":97.6165954783,"min":137.2549019608,"25%":414.8195214124,"50%":475.3378378378,"75%":508.1971976838,"max":725.0}}}