{"91791":{"rpsf":{"count":30.0,"mean":2.4812879114,"std":0.5656769264,"min":1.5348971908,"25%":2.1766463885,"50%":2.5144578313,"75%":2.90625,"max":3.469581749},"ppsf":{"count":44.0,"mean":486.085082769,"std":177.9225050977,"min":225.3968253968,"25%":409.7045066162,"50%":456.6846707028,"75%":517.5259600018,"max":1489.3617021277}}}