{"91801":{"rpsf":{"count":43.0,"mean":3.5638435094,"std":1.4456272939,"min":1.8125,"25%":2.4846706129,"50%":2.9333333333,"75%":4.2633911151,"max":7.8181818182},"ppsf":{"count":44.0,"mean":610.5740300229,"std":131.9206707772,"min":383.8022165388,"25%":510.1648038321,"50%":569.3116559384,"75%":689.5918367347,"max":930.7359307359}}}