{"91803":{"rpsf":{"count":8.0,"mean":2.1143433812,"std":0.7574230487,"min":0.636672326,"25%":1.8105268394,"50%":2.2859848485,"75%":2.4534615385,"max":3.25},"ppsf":{"count":42.0,"mean":638.6533656881,"std":128.3396494967,"min":400.6968641115,"25%":554.290954612,"50%":637.5859159394,"75%":712.9820702512,"max":938.0453752182}}}