{"92397":{"rpsf":{"count":3.0,"mean":1.46064067,"std":0.6093862632,"min":0.7638446849,"25%":1.243991308,"50%":1.724137931,"75%":1.8090386625,"max":1.8939393939},"ppsf":{"count":42.0,"mean":303.0252041707,"std":85.6041081523,"min":160.8866642832,"25%":240.7435211806,"50%":288.5225444796,"75%":355.0483281087,"max":562.015503876}}}