{"93243":{"rpsf":{"count":0,"unique":0,"top":null,"freq":null,"mean":null,"std":null,"min":null,"25%":null,"50%":null,"75%":null,"max":null},"ppsf":{"count":12.0,"unique":null,"top":null,"freq":null,"mean":204.1021441613,"std":74.5796580221,"min":69.4444444444,"25%":165.4210069444,"50%":183.747034006,"75%":257.6362781955,"max":346.687211094}}}