{"93510":{"rpsf":{"count":1.0,"mean":1.3377926421,"std":null,"min":1.3377926421,"25%":1.3377926421,"50%":1.3377926421,"75%":1.3377926421,"max":1.3377926421},"ppsf":{"count":32.0,"mean":347.4635478389,"std":78.7688576767,"min":219.6440639784,"25%":282.1213464447,"50%":348.6230482555,"75%":406.5930149883,"max":539.1891891892}}}