{"93523":{"rpsf":{"count":0,"unique":0,"top":null,"freq":null,"mean":null,"std":null,"min":null,"25%":null,"50%":null,"75%":null,"max":null},"ppsf":{"count":9.0,"unique":null,"top":null,"freq":null,"mean":124.518937083,"std":39.1028827453,"min":62.5,"25%":98.9496959646,"50%":127.3261508325,"75%":162.4790619765,"max":177.8455284553}}}