{"93532":{"rpsf":{"count":1.0,"mean":2.4107142857,"std":null,"min":2.4107142857,"25%":2.4107142857,"50%":2.4107142857,"75%":2.4107142857,"max":2.4107142857},"ppsf":{"count":30.0,"mean":338.8197456567,"std":203.7232799596,"min":17.0930232558,"25%":281.4312514854,"50%":314.7314355665,"75%":349.3676532326,"max":1328.125}}}