{"93534":{"rpsf":{"count":34.0,"mean":1.7762838257,"std":0.4534083143,"min":0.5795454545,"25%":1.5109857482,"50%":1.7850794566,"75%":2.0395139087,"max":2.861952862},"ppsf":{"count":43.0,"mean":287.2895544085,"std":90.0074044209,"min":92.4059139785,"25%":251.7645486041,"50%":280.303030303,"75%":329.6718307513,"max":566.6666666667}}}