{"93536":{"rpsf":{"count":49.0,"mean":1.8027712308,"std":0.8125038664,"min":0.0558035714,"25%":1.2345679012,"50%":1.5789473684,"75%":2.0703933747,"max":4.0829145729},"ppsf":{"count":34.0,"mean":251.1255092269,"std":52.6131819071,"min":154.8924967091,"25%":217.6104708359,"50%":241.4985956896,"75%":273.8819570688,"max":401.7424975799}}}