{"93535":{"rpsf":{"count":40.0,"mean":1.9460847276,"std":0.4393792736,"min":0.64,"25%":1.5852228998,"50%":1.9886919409,"75%":2.254130406,"max":2.7408637874},"ppsf":{"count":38.0,"mean":247.0855123789,"std":59.668227203,"min":83.3333333333,"25%":198.3418160968,"50%":256.1237077664,"75%":290.1610029493,"max":339.3939393939}}}