{"93544":{"rpsf":{"count":0,"unique":0,"top":null,"freq":null,"mean":null,"std":null,"min":null,"25%":null,"50%":null,"75%":null,"max":null},"ppsf":{"count":11.0,"unique":null,"top":null,"freq":null,"mean":168.6203050293,"std":77.5480575906,"min":47.9166666667,"25%":122.6286652716,"50%":175.1302083333,"75%":214.8130182275,"max":273.0415890751}}}