{"93543":{"rpsf":{"count":2.0,"mean":1.8020833333,"std":0.1915080866,"min":1.6666666667,"25%":1.734375,"50%":1.8020833333,"75%":1.8697916667,"max":1.9375},"ppsf":{"count":21.0,"mean":313.7925103691,"std":72.6310662274,"min":188.8157894737,"25%":266.2144240077,"50%":300.1464128843,"75%":354.8909657321,"max":466.6666666667}}}