{"93553":{"rpsf":{"count":0,"unique":0,"top":null,"freq":null,"mean":null,"std":null,"min":null,"25%":null,"50%":null,"75%":null,"max":null},"ppsf":{"count":18.0,"unique":null,"top":null,"freq":null,"mean":259.6234296705,"std":70.5042836427,"min":172.2723543888,"25%":197.9995934595,"50%":254.8298991846,"75%":297.4261463845,"max":381.0975609756}}}