{"93552":{"rpsf":{"count":19.0,"mean":1.562932244,"std":0.5542375229,"min":0.2984389348,"25%":1.2704180866,"50%":1.5757575758,"75%":1.6940719816,"max":2.661934339},"ppsf":{"count":40.0,"mean":258.524270234,"std":86.4211151747,"min":69.8924731183,"25%":213.294381434,"50%":264.8625015815,"75%":324.6809032892,"max":383.9122486289}}}