{"93551":{"rpsf":{"count":34.0,"mean":1.5720154839,"std":0.5692377911,"min":1.0555555556,"25%":1.2220849574,"50%":1.3820697849,"75%":1.6518245004,"max":3.9896166134},"ppsf":{"count":41.0,"mean":279.385499549,"std":88.3931138077,"min":187.7285656237,"25%":223.675154852,"50%":267.5266404936,"75%":304.347826087,"max":615.2777777778}}}