{"93550":{"rpsf":{"count":43.0,"mean":2.2256521547,"std":0.6051602457,"min":1.186440678,"25%":1.7955713378,"50%":2.1875,"75%":2.5671905462,"max":3.7369207773},"ppsf":{"count":43.0,"mean":274.4477293435,"std":80.9464625314,"min":19.3143408981,"25%":247.7011778252,"50%":286.2849533955,"75%":329.5956861329,"max":405.5496264674}}}