{"93563":{"rpsf":{"count":1.0,"mean":1.9607843137,"std":null,"min":1.9607843137,"25%":1.9607843137,"50%":1.9607843137,"75%":1.9607843137,"max":1.9607843137,"unique":null,"top":null,"freq":null},"ppsf":{"count":0,"mean":null,"std":null,"min":null,"25%":null,"50%":null,"75%":null,"max":null,"unique":0,"top":null,"freq":null}}}