{"93591":{"rpsf":{"count":2.0,"mean":2.1024697846,"std":0.1122155796,"min":2.0231213873,"25%":2.0627955859,"50%":2.1024697846,"75%":2.1421439832,"max":2.1818181818},"ppsf":{"count":22.0,"mean":291.2731075057,"std":55.8610969518,"min":211.558854719,"25%":253.2667511548,"50%":282.2691769764,"75%":308.3393680936,"max":468.75}}}