{"94621":{"rpsf":{"count":8.0,"mean":2.3751727632,"std":0.9212948098,"min":0.2016129032,"25%":2.3643712795,"50%":2.6971491076,"75%":2.875,"max":3.0484304933},"ppsf":{"count":44.0,"mean":430.0516804325,"std":125.1973356237,"min":202.4956217163,"25%":334.0199128477,"50%":423.4816893166,"75%":525.4949381813,"max":700.4830917874}}}